,id,symbol,open,close,high,low,average,volume,value,ptVolume,ptValue,change,percentage,object,tradingDate
0,VNM2006-12-29,VNM,6.469,6.522,6.522,6.469,6.512,145970,0.0,0.0,0.0,0.053,0.82,adPrice,2006-12-29
1,VNM2006-12-28,VNM,6.469,6.469,6.522,6.469,6.459,325280,0.0,0.0,0.0,0.211,3.37,adPrice,2006-12-28
2,VNM2006-12-27,VNM,6.522,6.258,6.679,6.258,6.25,220640,0.0,0.0,0.0,-0.264,-4.05,adPrice,2006-12-27
3,VNM2006-12-26,VNM,6.258,6.522,6.522,6.156,6.512,358820,0.0,0.0,0.0,0.264,4.22,adPrice,2006-12-26
4,VNM2006-12-25,VNM,6.258,6.258,6.258,6.054,6.25,534840,63382999000.0,0.0,0.0,-0.108,-1.7,adPrice,2006-12-25
5,VNM2006-12-22,VNM,6.366,6.366,6.366,6.366,6.354,178830,0.0,0.0,0.0,-0.313,-4.69,adPrice,2006-12-22
6,VNM2006-12-21,VNM,6.992,6.679,6.992,6.679,6.667,428770,0.0,0.0,0.0,-0.313,-4.48,adPrice,2006-12-21
7,VNM2006-12-20,VNM,6.992,6.992,7.097,6.992,6.98,377920,0.0,0.0,0.0,0.105,1.52,adPrice,2006-12-20
8,VNM2006-12-19,VNM,6.733,6.887,6.887,6.733,6.98,394200,0.0,0.0,0.0,0.052,0.76,adPrice,2006-12-19
9,VNM2006-12-18,VNM,7.097,6.835,7.097,6.784,6.822,508320,0.0,0.0,0.0,-0.262,-3.69,adPrice,2006-12-18
10,VNM2006-12-15,VNM,7.251,7.097,7.251,7.097,7.086,315520,0.0,0.0,0.0,-0.154,-2.12,adPrice,2006-12-15
11,VNM2006-12-14,VNM,7.251,7.251,7.563,7.251,7.24,687590,0.0,0.0,0.0,0.0,0.0,adPrice,2006-12-14
12,VNM2006-12-13,VNM,7.251,7.251,7.251,7.251,7.24,716990,0.0,0.0,0.0,0.313,4.51,adPrice,2006-12-13
13,VNM2006-12-12,VNM,6.938,6.938,7.198,6.938,6.927,518940,0.0,0.0,0.0,0.051,0.74,adPrice,2006-12-12
14,VNM2006-12-11,VNM,6.887,6.887,6.887,6.887,6.876,129570,0.0,0.0,0.0,0.312,4.75,adPrice,2006-12-11
15,VNM2006-12-08,VNM,6.575,6.575,6.575,6.575,6.563,107230,0.0,0.0,0.0,0.317,5.07,adPrice,2006-12-08
16,VNM2006-12-07,VNM,6.258,6.258,6.258,6.258,6.25,204350,0.0,0.0,0.0,0.259,4.32,adPrice,2006-12-07
17,VNM2006-12-06,VNM,5.949,5.999,5.999,5.949,5.988,515800,0.0,0.0,0.0,0.26,4.53,adPrice,2006-12-06
18,VNM2006-12-05,VNM,5.688,5.739,5.739,5.688,5.73,180310,0.0,0.0,0.0,0.106,1.88,adPrice,2006-12-05
19,VNM2006-12-04,VNM,5.53,5.633,5.633,5.53,5.624,256710,0.0,0.0,0.0,0.153,2.79,adPrice,2006-12-04
20,VNM2006-12-01,VNM,5.53,5.48,5.53,5.48,5.469,188410,0.0,0.0,0.0,-0.05,-0.9,adPrice,2006-12-01
21,VNM2006-11-30,VNM,5.268,5.53,5.53,5.268,5.52,178150,0.0,0.0,0.0,0.262,4.97,adPrice,2006-11-30
22,VNM2006-11-29,VNM,5.268,5.268,5.268,5.216,5.262,364480,0.0,0.0,0.0,-0.212,-3.87,adPrice,2006-11-29
23,VNM2006-11-28,VNM,5.583,5.48,5.637,5.48,5.469,473350,0.0,0.0,0.0,-0.103,-1.84,adPrice,2006-11-28
24,VNM2006-11-27,VNM,5.842,5.583,6.104,5.583,5.574,227280,0.0,0.0,0.0,-0.259,-4.43,adPrice,2006-11-27
25,VNM2006-11-24,VNM,5.842,5.842,5.842,5.842,5.833,582230,0.0,0.0,0.0,0.259,4.64,adPrice,2006-11-24
26,VNM2006-11-23,VNM,5.583,5.583,5.583,5.583,5.574,441920,0.0,0.0,0.0,0.259,4.86,adPrice,2006-11-23
27,VNM2006-11-22,VNM,5.268,5.324,5.324,5.268,5.312,392360,0.0,0.0,0.0,0.056,1.06,adPrice,2006-11-22
28,VNM2006-11-21,VNM,5.192,5.268,5.268,5.192,5.262,485920,0.0,0.0,0.0,0.206,4.07,adPrice,2006-11-21
29,VNM2006-11-20,VNM,5.062,5.062,5.141,5.062,5.052,563440,0.0,0.0,0.0,0.159,3.24,adPrice,2006-11-20
30,VNM2006-11-17,VNM,4.748,4.903,4.903,4.748,4.895,459230,0.0,0.0,0.0,0.182,3.86,adPrice,2006-11-17
31,VNM2006-11-16,VNM,4.721,4.721,4.721,4.67,4.714,621760,0.0,0.0,0.0,-0.027,-0.57,adPrice,2006-11-16
32,VNM2006-11-15,VNM,4.748,4.748,4.748,4.748,4.741,322310,0.0,0.0,0.0,0.208,4.58,adPrice,2006-11-15
33,VNM2006-11-14,VNM,4.54,4.54,4.54,4.54,4.533,227990,0.0,0.0,0.0,0.208,4.8,adPrice,2006-11-14
34,VNM2006-11-13,VNM,4.332,4.332,4.332,4.332,4.323,187680,0.0,0.0,0.0,0.0,0.0,adPrice,2006-11-13
35,VNM2006-11-10,VNM,4.332,4.332,4.356,4.332,4.323,222840,0.0,0.0,0.0,0.052,1.21,adPrice,2006-11-10
36,VNM2006-11-09,VNM,4.28,4.28,4.28,4.28,4.272,135820,0.0,0.0,0.0,0.0,0.0,adPrice,2006-11-09
37,VNM2006-11-08,VNM,4.252,4.28,4.28,4.252,4.272,147980,0.0,0.0,0.0,0.056,1.33,adPrice,2006-11-08
38,VNM2006-11-07,VNM,4.224,4.224,4.224,4.224,4.22,41630,0.0,0.0,0.0,0.0,0.0,adPrice,2006-11-07
39,VNM2006-11-06,VNM,4.201,4.224,4.224,4.201,4.22,30020,0.0,0.0,0.0,0.023,0.55,adPrice,2006-11-06
40,VNM2006-11-03,VNM,4.201,4.201,4.201,4.201,4.194,17410,0.0,0.0,0.0,-0.023,-0.54,adPrice,2006-11-03
41,VNM2006-11-02,VNM,4.28,4.224,4.28,4.224,4.22,63110,0.0,0.0,0.0,-0.056,-1.31,adPrice,2006-11-02
42,VNM2006-11-01,VNM,4.224,4.28,4.28,4.224,4.272,88780,0.0,0.0,0.0,0.106,2.54,adPrice,2006-11-01
43,VNM2006-10-31,VNM,4.174,4.174,4.174,4.122,4.167,126780,0.0,0.0,0.0,-0.027,-0.64,adPrice,2006-10-31
44,VNM2006-10-30,VNM,4.224,4.201,4.224,4.174,4.194,106850,0.0,0.0,0.0,-0.051,-1.2,adPrice,2006-10-30
45,VNM2006-10-27,VNM,4.252,4.252,4.252,4.252,4.243,57150,0.0,0.0,0.0,-0.028,-0.65,adPrice,2006-10-27
46,VNM2006-10-26,VNM,4.28,4.28,4.28,4.28,4.272,74050,0.0,0.0,0.0,-0.025,-0.58,adPrice,2006-10-26
47,VNM2006-10-25,VNM,4.305,4.305,4.305,4.305,4.297,110820,0.0,0.0,0.0,0.0,0.0,adPrice,2006-10-25
48,VNM2006-10-24,VNM,4.305,4.305,4.305,4.305,4.297,108650,0.0,0.0,0.0,0.0,0.0,adPrice,2006-10-24
49,VNM2006-10-23,VNM,4.332,4.305,4.332,4.305,4.297,79210,0.0,0.0,0.0,-0.027,-0.62,adPrice,2006-10-23
50,VNM2006-10-20,VNM,4.332,4.332,4.332,4.332,4.323,178250,0.0,0.0,0.0,0.027,0.63,adPrice,2006-10-20
51,VNM2006-10-19,VNM,4.305,4.305,4.305,4.28,4.297,102510,0.0,0.0,0.0,0.0,0.0,adPrice,2006-10-19
52,VNM2006-10-18,VNM,4.305,4.305,4.332,4.305,4.297,165890,0.0,0.0,0.0,0.025,0.58,adPrice,2006-10-18
53,VNM2006-10-17,VNM,4.28,4.28,4.28,4.28,4.272,378360,0.0,0.0,0.0,0.0,0.0,adPrice,2006-10-17
54,VNM2006-10-16,VNM,4.252,4.28,4.28,4.252,4.272,186630,0.0,0.0,0.0,0.028,0.66,adPrice,2006-10-16
55,VNM2006-10-13,VNM,4.174,4.252,4.252,4.174,4.243,87800,0.0,0.0,0.0,0.078,1.87,adPrice,2006-10-13
56,VNM2006-10-12,VNM,4.174,4.174,4.174,4.174,4.167,118920,0.0,0.0,0.0,0.0,0.0,adPrice,2006-10-12
57,VNM2006-10-11,VNM,4.174,4.174,4.174,4.174,4.167,128580,0.0,0.0,0.0,-0.05,-1.18,adPrice,2006-10-11
58,VNM2006-10-10,VNM,4.224,4.224,4.224,4.201,4.22,130190,0.0,0.0,0.0,-0.056,-1.31,adPrice,2006-10-10
59,VNM2006-10-09,VNM,4.332,4.28,4.332,4.28,4.272,92120,0.0,0.0,0.0,-0.052,-1.2,adPrice,2006-10-09
60,VNM2006-10-06,VNM,4.332,4.332,4.332,4.332,4.323,49980,0.0,0.0,0.0,0.0,0.0,adPrice,2006-10-06
61,VNM2006-10-05,VNM,4.332,4.332,4.356,4.332,4.323,142790,0.0,0.0,0.0,0.0,0.0,adPrice,2006-10-05
62,VNM2006-10-04,VNM,4.332,4.332,4.332,4.332,4.323,191980,0.0,0.0,0.0,0.0,0.0,adPrice,2006-10-04
63,VNM2006-10-03,VNM,4.332,4.332,4.332,4.332,4.323,178730,0.0,0.0,0.0,0.027,0.63,adPrice,2006-10-03
64,VNM2006-10-02,VNM,4.332,4.305,4.332,4.305,4.297,136240,0.0,0.0,0.0,-0.027,-0.62,adPrice,2006-10-02
65,VNM2006-09-29,VNM,4.332,4.332,4.382,4.332,4.323,256120,0.0,0.0,0.0,0.0,0.0,adPrice,2006-09-29
66,VNM2006-09-28,VNM,4.305,4.332,4.332,4.305,4.323,86250,0.0,0.0,0.0,0.027,0.63,adPrice,2006-09-28
67,VNM2006-09-27,VNM,4.305,4.305,4.332,4.305,4.297,111160,0.0,0.0,0.0,0.0,0.0,adPrice,2006-09-27
68,VNM2006-09-26,VNM,4.28,4.305,4.305,4.28,4.297,123560,0.0,0.0,0.0,0.025,0.58,adPrice,2006-09-26
69,VNM2006-09-25,VNM,4.28,4.28,4.28,4.28,4.272,82260,0.0,0.0,0.0,0.0,0.0,adPrice,2006-09-25
70,VNM2006-09-22,VNM,4.28,4.28,4.28,4.28,4.272,59750,0.0,0.0,0.0,0.0,0.0,adPrice,2006-09-22
71,VNM2006-09-21,VNM,4.305,4.28,4.305,4.28,4.272,38600,0.0,0.0,0.0,-0.025,-0.58,adPrice,2006-09-21
72,VNM2006-09-20,VNM,4.332,4.305,4.382,4.305,4.297,129200,0.0,0.0,0.0,-0.027,-0.62,adPrice,2006-09-20
73,VNM2006-09-19,VNM,4.332,4.332,4.332,4.332,4.323,157050,0.0,0.0,0.0,0.08,1.88,adPrice,2006-09-19
74,VNM2006-09-18,VNM,4.224,4.252,4.252,4.224,4.243,55650,0.0,0.0,0.0,0.028,0.66,adPrice,2006-09-18
75,VNM2006-09-15,VNM,4.224,4.224,4.224,4.224,4.22,59480,0.0,0.0,0.0,0.023,0.55,adPrice,2006-09-15
76,VNM2006-09-14,VNM,4.252,4.201,4.252,4.201,4.194,86840,0.0,0.0,0.0,-0.051,-1.2,adPrice,2006-09-14
77,VNM2006-09-13,VNM,4.224,4.252,4.252,4.174,4.243,50360,0.0,0.0,0.0,0.028,0.66,adPrice,2006-09-13
78,VNM2006-09-12,VNM,4.224,4.224,4.224,4.224,4.22,90600,0.0,0.0,0.0,-0.056,-1.31,adPrice,2006-09-12
79,VNM2006-09-11,VNM,4.305,4.28,4.305,4.28,4.272,69280,0.0,0.0,0.0,-0.025,-0.58,adPrice,2006-09-11
80,VNM2006-09-08,VNM,4.305,4.305,4.305,4.28,4.297,108490,0.0,0.0,0.0,0.0,0.0,adPrice,2006-09-08
81,VNM2006-09-07,VNM,4.305,4.305,4.305,4.28,4.297,53540,0.0,0.0,0.0,-0.027,-0.62,adPrice,2006-09-07
82,VNM2006-09-06,VNM,4.382,4.332,4.436,4.332,4.323,140680,0.0,0.0,0.0,-0.05,-1.14,adPrice,2006-09-06
83,VNM2006-09-05,VNM,4.332,4.382,4.382,4.332,4.376,196580,0.0,0.0,0.0,0.077,1.79,adPrice,2006-09-05
84,VNM2006-09-01,VNM,4.305,4.305,4.305,4.305,4.297,112280,0.0,0.0,0.0,0.0,0.0,adPrice,2006-09-01
85,VNM2006-08-31,VNM,4.332,4.305,4.332,4.305,4.297,126760,0.0,0.0,0.0,-0.027,-0.62,adPrice,2006-08-31
86,VNM2006-08-30,VNM,4.332,4.332,4.332,4.332,4.323,147020,0.0,0.0,0.0,0.027,0.63,adPrice,2006-08-30
87,VNM2006-08-29,VNM,4.28,4.305,4.305,4.28,4.297,114240,0.0,0.0,0.0,0.025,0.58,adPrice,2006-08-29
88,VNM2006-08-28,VNM,4.224,4.28,4.28,4.201,4.272,70440,0.0,0.0,0.0,0.056,1.33,adPrice,2006-08-28
89,VNM2006-08-25,VNM,4.224,4.224,4.224,4.224,4.22,92150,0.0,0.0,0.0,-0.028,-0.66,adPrice,2006-08-25
90,VNM2006-08-24,VNM,4.252,4.252,4.305,4.252,4.243,90080,0.0,0.0,0.0,0.0,0.0,adPrice,2006-08-24
91,VNM2006-08-23,VNM,4.201,4.252,4.252,4.174,4.243,130680,0.0,0.0,0.0,0.051,1.21,adPrice,2006-08-23
92,VNM2006-08-22,VNM,4.224,4.201,4.224,4.201,4.194,326890,0.0,0.0,0.0,-0.104,-2.42,adPrice,2006-08-22
93,VNM2006-08-21,VNM,4.332,4.305,4.332,4.305,4.297,146890,0.0,0.0,0.0,-0.027,-0.62,adPrice,2006-08-21
94,VNM2006-08-18,VNM,4.332,4.332,4.332,4.332,4.323,414570,0.0,0.0,0.0,0.0,0.0,adPrice,2006-08-18
95,VNM2006-08-17,VNM,4.332,4.332,4.356,4.332,4.323,349110,0.0,0.0,0.0,0.108,2.56,adPrice,2006-08-17
96,VNM2006-08-16,VNM,4.122,4.224,4.224,4.122,4.22,316830,0.0,0.0,0.0,0.182,4.5,adPrice,2006-08-16
97,VNM2006-08-15,VNM,4.042,4.042,4.07,4.042,4.036,203640,0.0,0.0,0.0,0.0,0.0,adPrice,2006-08-15
98,VNM2006-08-14,VNM,3.992,4.042,4.042,3.992,4.036,178860,0.0,0.0,0.0,0.183,4.74,adPrice,2006-08-14
99,VNM2006-08-11,VNM,3.809,3.859,3.859,3.809,3.854,115900,0.0,0.0,0.0,0.074,1.96,adPrice,2006-08-11
100,VNM2006-08-10,VNM,3.785,3.785,3.785,3.756,3.776,69590,0.0,0.0,0.0,0.0,0.0,adPrice,2006-08-10
101,VNM2006-08-09,VNM,3.785,3.785,3.809,3.785,3.776,135820,0.0,0.0,0.0,0.029,0.77,adPrice,2006-08-09
102,VNM2006-08-08,VNM,3.704,3.756,3.756,3.704,3.751,136030,0.0,0.0,0.0,0.13,3.59,adPrice,2006-08-08
103,VNM2006-08-07,VNM,3.756,3.626,3.756,3.626,3.62,152230,0.0,0.0,0.0,-0.13,-3.46,adPrice,2006-08-07
104,VNM2006-08-04,VNM,3.756,3.756,3.756,3.756,3.751,231190,0.0,0.0,0.0,0.155,4.3,adPrice,2006-08-04
105,VNM2006-08-03,VNM,3.521,3.601,3.601,3.521,3.594,122010,0.0,0.0,0.0,0.158,4.59,adPrice,2006-08-03
106,VNM2006-08-02,VNM,3.391,3.443,3.443,3.261,3.437,135090,0.0,0.0,0.0,0.052,1.53,adPrice,2006-08-02
107,VNM2006-08-01,VNM,3.443,3.391,3.443,3.391,3.385,161900,0.0,0.0,0.0,-0.13,-3.69,adPrice,2006-08-01
108,VNM2006-07-31,VNM,3.653,3.521,3.653,3.521,3.515,92100,0.0,0.0,0.0,-0.132,-3.61,adPrice,2006-07-31
109,VNM2006-07-28,VNM,3.653,3.653,3.653,3.653,3.647,117800,0.0,0.0,0.0,0.0,0.0,adPrice,2006-07-28
110,VNM2006-07-27,VNM,3.601,3.653,3.653,3.601,3.647,123040,0.0,0.0,0.0,0.052,1.44,adPrice,2006-07-27
111,VNM2006-07-26,VNM,3.601,3.601,3.653,3.574,3.594,125710,0.0,0.0,0.0,0.0,0.0,adPrice,2006-07-26
112,VNM2006-07-25,VNM,3.678,3.601,3.678,3.601,3.594,224750,0.0,0.0,0.0,-0.184,-4.86,adPrice,2006-07-25
113,VNM2006-07-24,VNM,3.809,3.785,3.809,3.785,3.776,121480,0.0,0.0,0.0,-0.074,-1.92,adPrice,2006-07-24
114,VNM2006-07-21,VNM,3.967,3.859,3.992,3.859,3.854,109890,0.0,0.0,0.0,-0.108,-2.72,adPrice,2006-07-21
115,VNM2006-07-20,VNM,3.785,3.967,3.967,3.756,3.959,137880,0.0,0.0,0.0,0.182,4.81,adPrice,2006-07-20
116,VNM2006-07-19,VNM,3.889,3.785,3.889,3.785,3.776,170020,0.0,0.0,0.0,-0.154,-3.91,adPrice,2006-07-19
117,VNM2006-07-18,VNM,4.017,3.939,4.017,3.939,3.932,65390,0.0,0.0,0.0,-0.078,-1.94,adPrice,2006-07-18
118,VNM2006-07-17,VNM,4.017,4.017,4.017,3.967,4.011,49640,0.0,0.0,0.0,-0.08,-1.95,adPrice,2006-07-17
119,VNM2006-07-14,VNM,4.097,4.097,4.097,4.097,4.088,43290,0.0,0.0,0.0,0.0,0.0,adPrice,2006-07-14
120,VNM2006-07-13,VNM,4.097,4.097,4.097,4.07,4.088,68140,0.0,0.0,0.0,0.0,0.0,adPrice,2006-07-13
121,VNM2006-07-12,VNM,4.122,4.097,4.122,4.097,4.088,55640,0.0,0.0,0.0,-0.025,-0.61,adPrice,2006-07-12
122,VNM2006-07-11,VNM,4.122,4.122,4.149,4.122,4.116,74950,0.0,0.0,0.0,0.0,0.0,adPrice,2006-07-11
123,VNM2006-07-10,VNM,4.174,4.122,4.174,4.122,4.116,50220,0.0,0.0,0.0,-0.052,-1.25,adPrice,2006-07-10
124,VNM2006-07-07,VNM,4.174,4.174,4.174,4.174,4.167,61580,0.0,0.0,0.0,0.0,0.0,adPrice,2006-07-07
125,VNM2006-07-06,VNM,4.122,4.174,4.174,4.097,4.167,43990,0.0,0.0,0.0,0.052,1.26,adPrice,2006-07-06
126,VNM2006-07-05,VNM,4.122,4.122,4.122,4.122,4.116,38160,0.0,0.0,0.0,0.0,0.0,adPrice,2006-07-05
127,VNM2006-07-04,VNM,4.149,4.122,4.149,4.122,4.116,55320,0.0,0.0,0.0,-0.052,-1.25,adPrice,2006-07-04
128,VNM2006-07-03,VNM,4.201,4.174,4.201,4.174,4.167,53410,0.0,0.0,0.0,-0.05,-1.18,adPrice,2006-07-03
129,VNM2006-06-30,VNM,4.224,4.224,4.224,4.201,4.22,364050,0.0,0.0,0.0,0.0,0.0,adPrice,2006-06-30
130,VNM2006-06-29,VNM,4.174,4.224,4.224,4.174,4.22,178890,0.0,0.0,0.0,0.05,1.2,adPrice,2006-06-29
131,VNM2006-06-28,VNM,4.122,4.174,4.174,4.122,4.167,93070,0.0,0.0,0.0,0.099,2.43,adPrice,2006-06-28
132,VNM2006-06-27,VNM,4.075,4.075,4.075,4.049,4.068,134560,0.0,0.0,0.0,-0.025,-0.61,adPrice,2006-06-27
133,VNM2006-06-26,VNM,4.128,4.1,4.128,4.1,4.093,105820,0.0,0.0,0.0,-0.05,-1.2,adPrice,2006-06-26
134,VNM2006-06-23,VNM,4.15,4.15,4.204,4.128,4.144,168260,0.0,0.0,0.0,0.0,0.0,adPrice,2006-06-23
135,VNM2006-06-22,VNM,4.128,4.15,4.15,4.128,4.144,195510,0.0,0.0,0.0,0.178,4.48,adPrice,2006-06-22
136,VNM2006-06-21,VNM,4.024,3.972,4.024,3.972,3.966,590790,0.0,0.0,0.0,-0.156,-3.78,adPrice,2006-06-21
137,VNM2006-06-20,VNM,4.256,4.128,4.256,4.128,4.121,143160,0.0,0.0,0.0,-0.156,-3.64,adPrice,2006-06-20
138,VNM2006-06-19,VNM,4.308,4.284,4.308,4.284,4.275,107900,0.0,0.0,0.0,-0.048,-1.11,adPrice,2006-06-19
139,VNM2006-06-16,VNM,4.382,4.332,4.382,4.332,4.325,215160,0.0,0.0,0.0,-0.13,-2.91,adPrice,2006-06-16
140,VNM2006-06-15,VNM,4.462,4.462,4.462,4.462,4.453,54860,0.0,0.0,0.0,-0.024,-0.53,adPrice,2006-06-15
141,VNM2006-06-14,VNM,4.513,4.486,4.513,4.486,4.48,62490,0.0,0.0,0.0,-0.027,-0.6,adPrice,2006-06-14
142,VNM2006-06-13,VNM,4.54,4.513,4.54,4.513,4.506,85330,0.0,0.0,0.0,-0.027,-0.59,adPrice,2006-06-13
143,VNM2006-06-12,VNM,4.54,4.54,4.54,4.54,4.532,29670,0.0,0.0,0.0,-0.05,-1.09,adPrice,2006-06-12
144,VNM2006-06-09,VNM,4.59,4.59,4.618,4.59,4.583,140600,0.0,0.0,0.0,0.026,0.57,adPrice,2006-06-09
145,VNM2006-06-08,VNM,4.54,4.564,4.564,4.54,4.556,70020,0.0,0.0,0.0,0.024,0.53,adPrice,2006-06-08
146,VNM2006-06-07,VNM,4.564,4.54,4.564,4.54,4.532,67020,0.0,0.0,0.0,-0.05,-1.09,adPrice,2006-06-07
147,VNM2006-06-06,VNM,4.59,4.59,4.618,4.59,4.583,117690,0.0,0.0,0.0,0.0,0.0,adPrice,2006-06-06
148,VNM2006-06-05,VNM,4.59,4.59,4.59,4.59,4.583,90560,0.0,0.0,0.0,0.05,1.1,adPrice,2006-06-05
149,VNM2006-06-02,VNM,4.54,4.54,4.54,4.54,4.532,63670,0.0,0.0,0.0,0.0,0.0,adPrice,2006-06-02
150,VNM2006-06-01,VNM,4.59,4.54,4.59,4.54,4.532,61330,0.0,0.0,0.0,-0.05,-1.09,adPrice,2006-06-01
151,VNM2006-05-31,VNM,4.54,4.59,4.59,4.54,4.583,196540,0.0,0.0,0.0,0.154,3.47,adPrice,2006-05-31
152,VNM2006-05-30,VNM,4.436,4.436,4.436,4.436,4.428,227310,0.0,0.0,0.0,-0.05,-1.11,adPrice,2006-05-30
153,VNM2006-05-29,VNM,4.486,4.486,4.486,4.486,4.48,105830,0.0,0.0,0.0,-0.054,-1.19,adPrice,2006-05-29
154,VNM2006-05-26,VNM,4.54,4.54,4.54,4.54,4.532,105180,0.0,0.0,0.0,0.054,1.2,adPrice,2006-05-26
155,VNM2006-05-25,VNM,4.54,4.486,4.54,4.486,4.48,127620,0.0,0.0,0.0,-0.157,-3.38,adPrice,2006-05-25
156,VNM2006-05-24,VNM,4.54,4.643,4.643,4.54,4.636,122100,0.0,0.0,0.0,0.207,4.67,adPrice,2006-05-24
157,VNM2006-05-23,VNM,4.436,4.436,4.436,4.436,4.428,122020,0.0,0.0,0.0,-0.104,-2.29,adPrice,2006-05-23
158,VNM2006-05-22,VNM,4.59,4.54,4.59,4.54,4.532,122780,0.0,0.0,0.0,-0.05,-1.09,adPrice,2006-05-22
159,VNM2006-05-19,VNM,4.59,4.59,4.59,4.54,4.583,137010,0.0,0.0,0.0,-0.028,-0.61,adPrice,2006-05-19
160,VNM2006-05-18,VNM,4.618,4.618,4.618,4.618,4.61,112310,0.0,0.0,0.0,-0.052,-1.11,adPrice,2006-05-18
161,VNM2006-05-17,VNM,4.67,4.67,4.694,4.67,4.659,191180,0.0,0.0,0.0,0.08,1.74,adPrice,2006-05-17
162,VNM2006-05-16,VNM,4.694,4.59,4.694,4.59,4.583,340760,0.0,0.0,0.0,-0.231,-4.79,adPrice,2006-05-16
163,VNM2006-05-15,VNM,4.821,4.821,4.821,4.821,4.815,133080,0.0,0.0,0.0,0.203,4.4,adPrice,2006-05-15
164,VNM2006-05-12,VNM,4.618,4.618,4.618,4.618,4.61,60420,0.0,0.0,0.0,0.207,4.69,adPrice,2006-05-12
165,VNM2006-05-11,VNM,4.411,4.411,4.411,4.411,4.404,393040,0.0,0.0,0.0,0.207,4.92,adPrice,2006-05-11
166,VNM2006-05-10,VNM,4.204,4.204,4.204,4.204,4.197,360820,0.0,0.0,0.0,-0.207,-4.69,adPrice,2006-05-10
167,VNM2006-05-09,VNM,4.411,4.411,4.411,4.411,4.404,421900,0.0,0.0,0.0,-0.232,-5.0,adPrice,2006-05-09
168,VNM2006-05-08,VNM,4.797,4.643,4.797,4.643,4.636,217830,0.0,0.0,0.0,-0.154,-3.21,adPrice,2006-05-08
169,VNM2006-05-05,VNM,4.9,4.797,4.9,4.797,4.789,272950,0.0,0.0,0.0,-0.103,-2.1,adPrice,2006-05-05
170,VNM2006-05-04,VNM,4.952,4.9,4.952,4.9,4.891,217800,0.0,0.0,0.0,-0.104,-2.08,adPrice,2006-05-04
171,VNM2006-05-03,VNM,5.004,5.004,5.004,5.004,4.994,132570,0.0,0.0,0.0,0.183,3.8,adPrice,2006-05-03
172,VNM2006-04-28,VNM,4.821,4.821,4.821,4.797,4.815,420830,0.0,0.0,0.0,0.0,0.0,adPrice,2006-04-28
173,VNM2006-04-27,VNM,5.056,4.821,5.056,4.821,4.815,371490,0.0,0.0,0.0,-0.235,-4.65,adPrice,2006-04-27
174,VNM2006-04-26,VNM,5.056,5.056,5.056,5.056,5.047,282180,0.0,0.0,0.0,-0.206,-3.91,adPrice,2006-04-26
175,VNM2006-04-25,VNM,5.262,5.262,5.365,5.262,5.251,387490,0.0,0.0,0.0,0.102,1.98,adPrice,2006-04-25
176,VNM2006-04-24,VNM,5.16,5.16,5.16,5.16,5.15,202190,0.0,0.0,0.0,0.231,4.69,adPrice,2006-04-24
177,VNM2006-04-21,VNM,4.929,4.929,4.929,4.929,4.918,378460,0.0,0.0,0.0,0.235,5.01,adPrice,2006-04-21
178,VNM2006-04-20,VNM,4.694,4.694,4.694,4.694,4.685,130410,0.0,0.0,0.0,0.0,0.0,adPrice,2006-04-20
179,VNM2006-04-19,VNM,4.694,4.694,4.746,4.694,4.685,195960,0.0,0.0,0.0,0.0,0.0,adPrice,2006-04-19
180,VNM2006-04-18,VNM,4.694,4.694,4.694,4.694,4.685,183230,0.0,0.0,0.0,0.051,1.1,adPrice,2006-04-18
181,VNM2006-04-17,VNM,4.643,4.643,4.643,4.643,4.636,162080,0.0,0.0,0.0,0.0,0.0,adPrice,2006-04-17
182,VNM2006-04-14,VNM,4.694,4.643,4.694,4.643,4.636,135270,0.0,0.0,0.0,-0.051,-1.09,adPrice,2006-04-14
183,VNM2006-04-13,VNM,4.643,4.694,4.694,4.643,4.685,182010,0.0,0.0,0.0,0.104,2.27,adPrice,2006-04-13
184,VNM2006-04-12,VNM,4.54,4.59,4.59,4.54,4.583,134540,0.0,0.0,0.0,0.128,2.87,adPrice,2006-04-12
185,VNM2006-04-11,VNM,4.54,4.462,4.54,4.462,4.453,152780,0.0,0.0,0.0,-0.128,-2.79,adPrice,2006-04-11
186,VNM2006-04-10,VNM,4.643,4.59,4.721,4.59,4.583,190930,0.0,0.0,0.0,-0.053,-1.14,adPrice,2006-04-10
187,VNM2006-04-07,VNM,4.59,4.643,4.643,4.59,4.636,276750,0.0,0.0,0.0,0.157,3.5,adPrice,2006-04-07
188,VNM2006-04-06,VNM,4.486,4.486,4.486,4.486,4.48,234410,0.0,0.0,0.0,0.104,2.37,adPrice,2006-04-06
189,VNM2006-04-05,VNM,4.382,4.382,4.382,4.382,4.377,191790,0.0,0.0,0.0,0.202,4.83,adPrice,2006-04-05
190,VNM2006-04-04,VNM,4.382,4.18,4.54,4.18,4.172,242500,0.0,0.0,0.0,-0.202,-4.61,adPrice,2006-04-04
191,VNM2006-04-03,VNM,4.332,4.382,4.382,4.332,4.377,259620,0.0,0.0,0.0,0.0,0.0,adPrice,2006-04-03
192,VNM2006-03-31,VNM,4.18,4.18,4.226,4.18,4.172,171770,0.0,0.0,0.0,0.052,1.26,adPrice,2006-03-31
193,VNM2006-03-30,VNM,4.128,4.128,4.128,4.128,4.121,184200,0.0,0.0,0.0,0.184,4.67,adPrice,2006-03-30
194,VNM2006-03-29,VNM,3.87,3.944,3.944,3.87,3.939,284640,0.0,0.0,0.0,0.103,2.68,adPrice,2006-03-29
195,VNM2006-03-28,VNM,3.841,3.841,3.841,3.841,3.835,130790,0.0,0.0,0.0,0.0,0.0,adPrice,2006-03-28
196,VNM2006-03-27,VNM,3.841,3.841,3.841,3.841,3.835,167410,0.0,0.0,0.0,0.024,0.63,adPrice,2006-03-27
197,VNM2006-03-24,VNM,3.841,3.817,3.841,3.817,3.81,137520,0.0,0.0,0.0,-0.024,-0.62,adPrice,2006-03-24
198,VNM2006-03-23,VNM,3.817,3.841,3.841,3.817,3.835,181330,0.0,0.0,0.0,0.05,1.32,adPrice,2006-03-23
199,VNM2006-03-22,VNM,3.791,3.791,3.87,3.791,3.786,173010,0.0,0.0,0.0,0.0,0.0,adPrice,2006-03-22
200,VNM2006-03-21,VNM,3.765,3.791,3.791,3.765,3.786,266040,0.0,0.0,0.0,0.079,2.13,adPrice,2006-03-21
201,VNM2006-03-20,VNM,3.662,3.712,3.712,3.662,3.707,320020,0.0,0.0,0.0,0.05,1.37,adPrice,2006-03-20
202,VNM2006-03-17,VNM,3.609,3.662,3.662,3.609,3.656,189800,0.0,0.0,0.0,0.053,1.47,adPrice,2006-03-17
203,VNM2006-03-16,VNM,3.609,3.609,3.662,3.609,3.605,171110,0.0,0.0,0.0,0.048,1.35,adPrice,2006-03-16
204,VNM2006-03-15,VNM,3.662,3.561,3.662,3.561,3.555,201720,0.0,0.0,0.0,-0.101,-2.76,adPrice,2006-03-15
205,VNM2006-03-14,VNM,3.636,3.662,3.662,3.636,3.656,223540,0.0,0.0,0.0,0.053,1.47,adPrice,2006-03-14
206,VNM2006-03-13,VNM,3.609,3.609,3.609,3.609,3.605,257130,0.0,0.0,0.0,0.075,2.12,adPrice,2006-03-13
207,VNM2006-03-10,VNM,3.534,3.534,3.561,3.534,3.526,125760,0.0,0.0,0.0,0.0,0.0,adPrice,2006-03-10
208,VNM2006-03-09,VNM,3.534,3.534,3.561,3.534,3.526,206310,0.0,0.0,0.0,0.027,0.77,adPrice,2006-03-09
209,VNM2006-03-08,VNM,3.561,3.507,3.561,3.507,3.501,163660,0.0,0.0,0.0,-0.102,-2.83,adPrice,2006-03-08
210,VNM2006-03-07,VNM,3.609,3.609,3.609,3.609,3.605,129210,0.0,0.0,0.0,0.0,0.0,adPrice,2006-03-07
211,VNM2006-03-06,VNM,3.534,3.609,3.609,3.507,3.605,200050,0.0,0.0,0.0,0.075,2.12,adPrice,2006-03-06
212,VNM2006-03-03,VNM,3.662,3.534,3.662,3.534,3.526,227880,0.0,0.0,0.0,-0.178,-4.8,adPrice,2006-03-03
213,VNM2006-03-02,VNM,3.689,3.712,3.712,3.689,3.707,222520,0.0,0.0,0.0,0.05,1.37,adPrice,2006-03-02
214,VNM2006-03-01,VNM,3.662,3.662,3.689,3.662,3.656,164480,0.0,0.0,0.0,0.128,3.62,adPrice,2006-03-01
215,VNM2006-02-28,VNM,3.403,3.534,3.534,3.403,3.526,164820,0.0,0.0,0.0,0.154,4.56,adPrice,2006-02-28
216,VNM2006-02-27,VNM,3.352,3.38,3.38,3.352,3.373,162140,0.0,0.0,0.0,0.052,1.56,adPrice,2006-02-27
217,VNM2006-02-24,VNM,3.328,3.328,3.328,3.328,3.323,90480,0.0,0.0,0.0,0.028,0.85,adPrice,2006-02-24
218,VNM2006-02-23,VNM,3.3,3.3,3.3,3.3,3.296,130490,0.0,0.0,0.0,0.051,1.57,adPrice,2006-02-23
219,VNM2006-02-22,VNM,3.249,3.249,3.352,3.249,3.243,264890,0.0,0.0,0.0,0.0,0.0,adPrice,2006-02-22
220,VNM2006-02-21,VNM,3.249,3.249,3.249,3.249,3.243,101970,0.0,0.0,0.0,0.155,5.01,adPrice,2006-02-21
221,VNM2006-02-20,VNM,3.094,3.094,3.094,3.094,3.091,62050,0.0,0.0,0.0,0.129,4.35,adPrice,2006-02-20
222,VNM2006-02-17,VNM,2.891,2.965,2.965,2.891,2.96,128090,0.0,0.0,0.0,0.126,4.44,adPrice,2006-02-17
223,VNM2006-02-16,VNM,2.839,2.839,2.839,2.839,2.833,184290,0.0,0.0,0.0,0.028,1.0,adPrice,2006-02-16
224,VNM2006-02-15,VNM,2.839,2.811,2.839,2.811,2.808,132600,0.0,0.0,0.0,-0.028,-0.99,adPrice,2006-02-15
225,VNM2006-02-14,VNM,2.839,2.839,2.839,2.839,2.833,113260,0.0,0.0,0.0,0.0,0.0,adPrice,2006-02-14
226,VNM2006-02-13,VNM,2.839,2.839,2.839,2.839,2.833,153670,0.0,0.0,0.0,0.0,0.0,adPrice,2006-02-13
227,VNM2006-02-10,VNM,2.839,2.839,2.839,2.786,2.833,128650,0.0,0.0,0.0,0.0,0.0,adPrice,2006-02-10
228,VNM2006-02-09,VNM,2.839,2.839,2.839,2.839,2.833,153580,0.0,0.0,0.0,0.0,0.0,adPrice,2006-02-09
229,VNM2006-02-08,VNM,2.839,2.839,2.839,2.839,2.833,159300,0.0,0.0,0.0,0.053,1.9,adPrice,2006-02-08
230,VNM2006-02-07,VNM,2.786,2.786,2.786,2.786,2.78,138720,0.0,0.0,0.0,0.053,1.94,adPrice,2006-02-07
231,VNM2006-02-06,VNM,2.733,2.733,2.733,2.733,2.728,25190,0.0,0.0,0.0,0.0,0.0,adPrice,2006-02-06
232,VNM2006-01-27,VNM,2.733,2.733,2.733,2.733,2.728,25630,0.0,0.0,0.0,-0.027,-0.98,adPrice,2006-01-27
233,VNM2006-01-26,VNM,2.76,2.76,2.76,2.76,2.755,18750,0.0,0.0,0.0,0.027,0.99,adPrice,2006-01-26
234,VNM2006-01-25,VNM,2.683,2.733,2.733,2.683,2.728,57220,0.0,0.0,0.0,0.05,1.86,adPrice,2006-01-25
235,VNM2006-01-24,VNM,2.708,2.683,2.708,2.683,2.678,66000,0.0,0.0,0.0,-0.025,-0.92,adPrice,2006-01-24
236,VNM2006-01-23,VNM,2.786,2.708,2.786,2.708,2.705,81400,0.0,0.0,0.0,-0.078,-2.8,adPrice,2006-01-23
237,VNM2006-01-20,VNM,2.786,2.786,2.839,2.786,2.78,157840,0.0,0.0,0.0,0.053,1.94,adPrice,2006-01-20
238,VNM2006-01-19,VNM,2.733,2.733,2.733,2.733,2.728,109350,0.0,0.0,0.0,0.0,0.0,adPrice,2006-01-19
239,ACB2006-12-29,ACB,15.744,15.436,15.744,15.334,12.987,103200,15342050300.0,0.0,0.0,0.0,0.0,adPrice,2006-12-29
240,ACB2006-12-28,ACB,14.89,15.436,15.697,14.89,13.081,106000,0.0,0.0,0.0,0.277,1.83,adPrice,2006-12-28
241,ACB2006-12-27,ACB,14.921,15.159,15.249,14.921,12.643,63900,0.0,0.0,0.0,0.238,1.6,adPrice,2006-12-27
242,ACB2006-12-26,ACB,14.859,14.921,15.28,14.753,12.154,34000,0.0,0.0,0.0,0.514,3.57,adPrice,2006-12-26
243,ACB2006-12-25,ACB,14.22,14.407,14.613,13.892,11.768,48400,6633920000.0,0.0,0.0,0.051,0.36,adPrice,2006-12-25
244,ACB2006-12-22,ACB,14.543,14.356,14.543,14.021,11.862,41000,0.0,0.0,0.0,-0.463,-3.12,adPrice,2006-12-22
245,ACB2006-12-21,ACB,14.819,14.819,14.921,14.512,12.351,44600,0.0,0.0,0.0,-0.051,-0.34,adPrice,2006-12-21
246,ACB2006-12-20,ACB,14.819,14.87,14.921,14.8,12.369,57400,0.0,0.0,0.0,0.082,0.55,adPrice,2006-12-20
247,ACB2006-12-19,ACB,14.921,14.788,14.921,14.719,12.36,37400,0.0,0.0,0.0,-0.031,-0.21,adPrice,2006-12-19
248,ACB2006-12-18,ACB,14.758,14.819,14.964,14.644,12.412,70400,0.0,0.0,0.0,0.104,0.71,adPrice,2006-12-18
249,ACB2006-12-15,ACB,14.613,14.715,14.921,14.458,12.325,56800,0.0,0.0,0.0,0.297,2.06,adPrice,2006-12-15
250,ACB2006-12-14,ACB,14.344,14.418,14.64,14.243,12.077,45600,0.0,0.0,0.0,0.011,0.08,adPrice,2006-12-14
251,ACB2006-12-13,ACB,14.446,14.407,14.758,14.032,11.983,70500,0.0,0.0,0.0,0.308,2.18,adPrice,2006-12-13
252,ACB2006-12-12,ACB,13.705,14.099,16.036,13.705,11.922,29000,0.0,0.0,0.0,-0.413,-2.85,adPrice,2006-12-12
253,ACB2006-12-11,ACB,15.498,14.512,15.498,14.188,12.378,67600,0.0,0.0,0.0,0.0,0.0,adPrice,2006-12-11
254,ACB2006-12-08,ACB,14.921,14.512,14.921,13.997,12.025,48500,0.0,0.0,0.0,0.67,4.84,adPrice,2006-12-08
255,ACB2006-12-07,ACB,12.863,13.842,13.842,12.863,11.45,24200,0.0,0.0,0.0,0.875,6.75,adPrice,2006-12-07
256,ACB2006-12-06,ACB,12.722,12.967,13.358,12.722,10.498,81800,0.0,0.0,0.0,0.307,2.42,adPrice,2006-12-06
257,ACB2006-12-05,ACB,13.054,12.66,13.054,12.429,10.489,111400,0.0,0.0,0.0,-0.307,-2.37,adPrice,2006-12-05
258,ACB2006-12-04,ACB,13.385,12.967,13.385,12.773,10.893,89500,0.0,0.0,0.0,-0.41,-3.06,adPrice,2006-12-04
259,ACB2006-12-01,ACB,13.584,13.377,13.584,13.276,11.244,59300,0.0,0.0,0.0,-0.311,-2.27,adPrice,2006-12-01
260,ACB2006-11-30,ACB,13.74,13.688,14.052,13.428,11.287,66200,0.0,0.0,0.0,0.0,0.0,adPrice,2006-11-30
261,ACB2006-11-29,ACB,13.895,13.688,14.095,13.202,11.836,30900,0.0,0.0,0.0,-0.925,-6.33,adPrice,2006-11-29
262,ACB2006-11-28,ACB,15.308,14.613,15.308,14.286,12.292,19800,0.0,0.0,0.0,0.0,0.0,adPrice,2006-11-28
263,ACB2006-11-27,ACB,14.613,14.613,16.068,13.441,12.6,42400,0.0,0.0,0.0,-0.823,-5.33,adPrice,2006-11-27
264,ACB2006-11-24,ACB,14.723,15.436,15.982,14.723,12.6,63600,0.0,0.0,0.0,0.721,4.9,adPrice,2006-11-24
265,ACB2006-11-23,ACB,15.417,14.715,15.417,13.822,11.88,69900,0.0,0.0,0.0,0.823,5.92,adPrice,2006-11-23
266,ACB2006-11-22,ACB,14.769,13.892,14.769,13.408,11.562,62300,0.0,0.0,0.0,0.0,0.0,adPrice,2006-11-22
267,ACB2006-11-21,ACB,12.803,13.892,16.006,12.699,11.175,56500,0.0,0.0,0.0,0.0,0.0,adPrice,2006-11-21
268,FPT2006-12-29,FPT,25.075,24.807,25.075,24.807,21.987,69760,0.0,0.0,0.0,-1.081,-4.18,adPrice,2006-12-29
269,FPT2006-12-28,FPT,25.888,25.888,25.888,25.346,22.942,144840,0.0,0.0,0.0,0.0,0.0,adPrice,2006-12-28
270,FPT2006-12-27,FPT,24.754,25.888,25.888,24.754,22.942,413230,0.0,0.0,0.0,1.136,4.59,adPrice,2006-12-27
271,FPT2006-12-26,FPT,23.62,24.752,24.752,22.486,21.939,300150,0.0,0.0,0.0,1.13,4.78,adPrice,2006-12-26
272,FPT2006-12-25,FPT,23.622,23.622,23.622,23.622,20.934,22140,9697000400.0,0.0,0.0,-1.239,-4.98,adPrice,2006-12-25
273,FPT2006-12-22,FPT,24.861,24.861,24.861,24.861,22.034,143500,0.0,0.0,0.0,-1.294,-4.95,adPrice,2006-12-22
274,FPT2006-12-21,FPT,27.017,26.155,27.017,26.155,23.182,156400,0.0,0.0,0.0,-1.347,-4.9,adPrice,2006-12-21
275,FPT2006-12-20,FPT,27.502,27.502,27.502,27.502,24.378,220120,0.0,0.0,0.0,1.294,4.94,adPrice,2006-12-20
276,FPT2006-12-19,FPT,26.208,26.208,26.208,26.208,23.23,137520,0.0,0.0,0.0,1.238,4.96,adPrice,2006-12-19
277,FPT2006-12-18,FPT,24.97,24.97,24.97,24.97,22.132,215790,0.0,0.0,0.0,1.186,4.99,adPrice,2006-12-18
278,FPT2006-12-15,FPT,23.784,23.784,23.784,23.784,21.08,265300,0.0,0.0,0.0,1.134,5.01,adPrice,2006-12-15
279,FPT2006-12-14,FPT,22.65,22.65,22.65,22.65,20.075,280710,0.0,0.0,0.0,1.08,5.01,adPrice,2006-12-14
280,FPT2006-12-13,FPT,21.57,21.57,21.57,21.57,19.118,83530,0.0,0.0,0.0,0.0,0.0,adPrice,2006-12-13
281,STB2006-12-29,STB,13.644,13.738,13.738,13.549,12.61,427680,0.0,0.0,0.0,0.078,0.57,adPrice,2006-12-29
282,STB2006-12-28,STB,13.66,13.66,13.66,13.66,12.524,362220,0.0,0.0,0.0,-0.157,-1.14,adPrice,2006-12-28
283,STB2006-12-27,STB,13.817,13.817,13.912,13.817,12.699,469440,0.0,0.0,0.0,0.079,0.58,adPrice,2006-12-27
284,STB2006-12-26,STB,13.738,13.738,13.833,13.738,12.61,571160,0.0,0.0,0.0,0.078,0.57,adPrice,2006-12-26
285,STB2006-12-25,STB,13.273,13.66,13.66,13.273,12.524,576660,40649998000.0,0.0,0.0,0.474,3.59,adPrice,2006-12-25
286,STB2006-12-22,STB,13.186,13.186,13.186,13.084,11.998,773240,0.0,0.0,0.0,-0.387,-2.85,adPrice,2006-12-22
287,STB2006-12-21,STB,13.959,13.573,14.535,13.573,12.436,1260800,0.0,0.0,0.0,-0.323,-2.32,adPrice,2006-12-21
288,STB2006-12-20,STB,13.518,13.896,13.896,13.518,12.785,1236380,0.0,0.0,0.0,0.639,4.82,adPrice,2006-12-20
289,STB2006-12-19,STB,13.068,13.257,13.257,13.068,12.261,1269640,0.0,0.0,0.0,0.228,1.75,adPrice,2006-12-19
290,STB2006-12-18,STB,13.029,13.029,13.415,13.029,11.823,1196360,0.0,0.0,0.0,0.087,0.67,adPrice,2006-12-18
291,STB2006-12-15,STB,12.658,12.942,12.942,12.658,11.736,669860,0.0,0.0,0.0,0.316,2.5,adPrice,2006-12-15
292,STB2006-12-14,STB,12.823,12.626,12.823,12.626,11.385,531450,0.0,0.0,0.0,-0.158,-1.24,adPrice,2006-12-14
293,STB2006-12-13,STB,12.784,12.784,12.784,12.784,11.56,484060,0.0,0.0,0.0,0.0,0.0,adPrice,2006-12-13
294,STB2006-12-12,STB,13.178,12.784,13.178,12.784,11.56,595410,0.0,0.0,0.0,-0.316,-2.41,adPrice,2006-12-12
295,STB2006-12-11,STB,13.1,13.1,13.1,13.1,11.91,845050,0.0,0.0,0.0,0.229,1.78,adPrice,2006-12-11
296,STB2006-12-08,STB,12.871,12.871,12.871,12.871,11.648,159600,0.0,0.0,0.0,0.0,0.0,adPrice,2006-12-08
297,STB2006-12-07,STB,12.382,12.871,12.871,12.382,11.648,724950,0.0,0.0,0.0,0.473,3.82,adPrice,2006-12-07
298,STB2006-12-06,STB,12.398,12.398,12.492,12.398,11.122,391760,0.0,0.0,0.0,0.0,0.0,adPrice,2006-12-06
299,STB2006-12-05,STB,12.492,12.398,12.492,12.398,11.122,328060,0.0,0.0,0.0,-0.071,-0.57,adPrice,2006-12-05
300,STB2006-12-04,STB,12.469,12.469,12.666,12.469,11.21,251050,0.0,0.0,0.0,0.0,0.0,adPrice,2006-12-04
301,STB2006-12-01,STB,12.469,12.469,12.469,12.469,11.21,549720,0.0,0.0,0.0,0.0,0.0,adPrice,2006-12-01
302,STB2006-11-30,STB,12.469,12.469,12.571,12.469,11.21,452420,0.0,0.0,0.0,0.071,0.57,adPrice,2006-11-30
303,STB2006-11-29,STB,12.69,12.398,12.69,12.398,11.122,683560,0.0,0.0,0.0,-0.386,-3.02,adPrice,2006-11-29
304,STB2006-11-28,STB,12.784,12.784,12.981,12.784,11.56,769620,0.0,0.0,0.0,0.158,1.25,adPrice,2006-11-28
305,STB2006-11-27,STB,13.21,12.626,13.793,12.626,11.385,1155520,0.0,0.0,0.0,-0.474,-3.62,adPrice,2006-11-27
306,STB2006-11-24,STB,13.1,13.1,13.1,13.1,11.91,1422510,0.0,0.0,0.0,0.474,3.75,adPrice,2006-11-24
307,STB2006-11-23,STB,12.335,12.626,12.626,12.335,11.385,932860,0.0,0.0,0.0,0.473,3.89,adPrice,2006-11-23
308,STB2006-11-22,STB,12.153,12.153,12.153,12.153,10.86,522740,0.0,0.0,0.0,0.07,0.58,adPrice,2006-11-22
309,STB2006-11-21,STB,12.083,12.083,12.083,12.083,10.773,252180,0.0,0.0,0.0,0.0,0.0,adPrice,2006-11-21
310,STB2006-11-20,STB,12.271,12.083,12.271,12.083,10.773,288090,0.0,0.0,0.0,-0.157,-1.28,adPrice,2006-11-20
311,STB2006-11-17,STB,12.043,12.24,12.24,12.043,10.947,225060,0.0,0.0,0.0,0.157,1.3,adPrice,2006-11-17
312,STB2006-11-16,STB,12.083,12.083,12.083,12.083,10.773,102170,0.0,0.0,0.0,-0.157,-1.28,adPrice,2006-11-16
313,STB2006-11-15,STB,12.24,12.24,12.532,12.24,10.947,404230,0.0,0.0,0.0,0.0,0.0,adPrice,2006-11-15
314,STB2006-11-14,STB,11.941,12.24,12.24,11.941,10.947,275600,0.0,0.0,0.0,0.245,2.04,adPrice,2006-11-14
315,STB2006-11-13,STB,11.901,11.995,11.995,11.901,10.684,128790,0.0,0.0,0.0,0.071,0.6,adPrice,2006-11-13
316,STB2006-11-10,STB,12.019,11.924,12.019,11.924,10.597,187530,0.0,0.0,0.0,-0.071,-0.59,adPrice,2006-11-10
317,STB2006-11-09,STB,11.995,11.995,11.995,11.995,10.684,157120,0.0,0.0,0.0,0.0,0.0,adPrice,2006-11-09
318,STB2006-11-08,STB,11.995,11.995,11.995,11.995,10.684,150920,0.0,0.0,0.0,0.0,0.0,adPrice,2006-11-08
319,STB2006-11-07,STB,11.995,11.995,12.098,11.995,10.684,197790,0.0,0.0,0.0,0.0,0.0,adPrice,2006-11-07
320,STB2006-11-06,STB,11.901,11.995,11.995,11.901,10.684,178510,0.0,0.0,0.0,0.071,0.6,adPrice,2006-11-06
321,STB2006-11-03,STB,11.924,11.924,11.924,11.924,10.597,145590,0.0,0.0,0.0,-0.071,-0.59,adPrice,2006-11-03
322,STB2006-11-02,STB,12.098,11.995,12.192,11.995,10.684,280390,0.0,0.0,0.0,-0.088,-0.73,adPrice,2006-11-02
323,STB2006-11-01,STB,11.885,12.083,12.083,11.885,10.773,210180,0.0,0.0,0.0,0.316,2.69,adPrice,2006-11-01
324,STB2006-10-31,STB,11.767,11.767,11.767,11.664,10.422,323500,0.0,0.0,0.0,-0.071,-0.6,adPrice,2006-10-31
325,STB2006-10-30,STB,11.941,11.838,11.941,11.838,10.509,182090,0.0,0.0,0.0,-0.157,-1.31,adPrice,2006-10-30
326,STB2006-10-27,STB,11.995,11.995,11.995,11.995,10.684,191620,0.0,0.0,0.0,-0.158,-1.3,adPrice,2006-10-27
327,STB2006-10-26,STB,12.153,12.153,12.153,12.153,10.86,130360,0.0,0.0,0.0,0.0,0.0,adPrice,2006-10-26
328,STB2006-10-25,STB,12.256,12.153,12.256,12.153,10.86,143870,0.0,0.0,0.0,-0.087,-0.71,adPrice,2006-10-25
329,STB2006-10-24,STB,12.24,12.24,12.24,12.24,10.947,128990,0.0,0.0,0.0,0.0,0.0,adPrice,2006-10-24
330,STB2006-10-23,STB,12.24,12.24,12.24,12.24,10.947,131650,0.0,0.0,0.0,-0.071,-0.58,adPrice,2006-10-23
331,STB2006-10-20,STB,12.311,12.311,12.311,12.311,11.034,250130,0.0,0.0,0.0,0.071,0.58,adPrice,2006-10-20
332,STB2006-10-19,STB,12.138,12.24,12.24,12.138,10.947,404320,0.0,0.0,0.0,0.157,1.3,adPrice,2006-10-19
333,STB2006-10-18,STB,12.177,12.083,12.177,12.083,10.773,249990,0.0,0.0,0.0,-0.07,-0.58,adPrice,2006-10-18
334,STB2006-10-17,STB,12.351,12.153,12.351,12.153,10.86,279980,0.0,0.0,0.0,-0.316,-2.53,adPrice,2006-10-17
335,STB2006-10-16,STB,12.571,12.469,12.571,12.469,11.21,196690,0.0,0.0,0.0,-0.086,-0.68,adPrice,2006-10-16
336,STB2006-10-13,STB,12.555,12.555,12.555,12.555,11.297,262250,0.0,0.0,0.0,-0.008,-0.06,adPrice,2006-10-13
337,STB2006-10-12,STB,12.563,12.563,12.65,12.563,11.305,504170,0.0,0.0,0.0,0.0,0.0,adPrice,2006-10-12
338,STB2006-10-11,STB,12.65,12.563,12.65,12.563,11.305,444880,0.0,0.0,0.0,-0.063,-0.5,adPrice,2006-10-11
339,STB2006-10-10,STB,12.808,12.626,12.808,12.626,11.385,287780,0.0,0.0,0.0,-0.15,-1.17,adPrice,2006-10-10
340,STB2006-10-09,STB,12.863,12.776,12.863,12.776,11.545,456440,0.0,0.0,0.0,-0.071,-0.55,adPrice,2006-10-09
341,STB2006-10-06,STB,12.761,12.847,12.847,12.666,11.624,317810,0.0,0.0,0.0,0.071,0.56,adPrice,2006-10-06
342,STB2006-10-05,STB,12.863,12.776,12.863,12.776,11.545,368720,0.0,0.0,0.0,-0.071,-0.55,adPrice,2006-10-05
343,STB2006-10-04,STB,12.847,12.847,13.194,12.847,11.624,647480,0.0,0.0,0.0,0.142,1.12,adPrice,2006-10-04
344,STB2006-10-03,STB,12.61,12.705,12.705,12.61,11.465,421820,0.0,0.0,0.0,0.142,1.13,adPrice,2006-10-03
345,STB2006-10-02,STB,12.469,12.563,12.563,12.469,11.305,266150,0.0,0.0,0.0,0.079,0.63,adPrice,2006-10-02
346,STB2006-09-29,STB,12.752,12.484,12.752,12.484,11.225,320830,0.0,0.0,0.0,-0.221,-1.74,adPrice,2006-09-29
347,STB2006-09-28,STB,12.351,12.705,12.705,12.351,11.465,729790,0.0,0.0,0.0,0.434,3.54,adPrice,2006-09-28
348,STB2006-09-27,STB,12.358,12.271,12.358,12.271,10.988,265890,0.0,0.0,0.0,-0.071,-0.58,adPrice,2006-09-27
349,STB2006-09-26,STB,12.342,12.342,12.342,12.256,11.066,174710,0.0,0.0,0.0,0.0,0.0,adPrice,2006-09-26
350,STB2006-09-25,STB,12.342,12.342,12.342,12.256,11.066,188410,0.0,0.0,0.0,0.0,0.0,adPrice,2006-09-25
351,STB2006-09-22,STB,12.342,12.342,12.342,12.256,11.066,154130,0.0,0.0,0.0,0.0,0.0,adPrice,2006-09-22
352,STB2006-09-21,STB,12.342,12.342,12.437,12.342,11.066,247000,0.0,0.0,0.0,0.0,0.0,adPrice,2006-09-21
353,STB2006-09-20,STB,12.342,12.342,12.437,12.342,11.066,312200,0.0,0.0,0.0,0.0,0.0,adPrice,2006-09-20
354,STB2006-09-19,STB,12.342,12.342,12.342,12.342,11.066,176660,0.0,0.0,0.0,0.0,0.0,adPrice,2006-09-19
355,STB2006-09-18,STB,12.437,12.342,12.437,12.342,11.066,160300,0.0,0.0,0.0,-0.071,-0.57,adPrice,2006-09-18
356,STB2006-09-15,STB,12.327,12.413,12.413,12.327,11.146,276270,0.0,0.0,0.0,0.142,1.16,adPrice,2006-09-15
357,STB2006-09-14,STB,12.358,12.271,12.358,12.271,10.988,153820,0.0,0.0,0.0,-0.142,-1.14,adPrice,2006-09-14
358,STB2006-09-13,STB,12.145,12.413,12.413,12.145,11.146,173700,0.0,0.0,0.0,0.283,2.33,adPrice,2006-09-13
359,STB2006-09-12,STB,12.398,12.13,12.398,12.13,10.828,276340,0.0,0.0,0.0,-0.283,-2.28,adPrice,2006-09-12
360,STB2006-09-11,STB,12.413,12.413,12.5,12.413,11.146,235040,0.0,0.0,0.0,0.0,0.0,adPrice,2006-09-11
361,STB2006-09-08,STB,12.413,12.413,12.413,12.413,11.146,280320,0.0,0.0,0.0,0.071,0.58,adPrice,2006-09-08
362,STB2006-09-07,STB,12.437,12.342,12.437,12.342,11.066,290910,0.0,0.0,0.0,-0.221,-1.76,adPrice,2006-09-07
363,STB2006-09-06,STB,12.563,12.563,12.91,12.563,11.305,442200,0.0,0.0,0.0,0.079,0.63,adPrice,2006-09-06
364,STB2006-09-05,STB,12.484,12.484,12.484,12.484,11.225,358380,0.0,0.0,0.0,0.425,3.52,adPrice,2006-09-05
365,STB2006-09-01,STB,11.877,12.059,12.059,11.877,10.749,599270,0.0,0.0,0.0,0.284,2.41,adPrice,2006-09-01
366,STB2006-08-31,STB,11.775,11.775,11.775,11.775,10.429,432700,0.0,0.0,0.0,0.079,0.68,adPrice,2006-08-31
367,STB2006-08-30,STB,11.696,11.696,11.696,11.696,10.351,373920,0.0,0.0,0.0,0.0,0.0,adPrice,2006-08-30
368,STB2006-08-29,STB,11.696,11.696,11.696,11.696,10.351,340960,0.0,0.0,0.0,0.071,0.61,adPrice,2006-08-29
369,STB2006-08-28,STB,11.443,11.625,11.625,11.443,10.27,185880,0.0,0.0,0.0,0.142,1.24,adPrice,2006-08-28
370,STB2006-08-25,STB,11.569,11.483,11.569,11.483,10.111,87030,0.0,0.0,0.0,-0.071,-0.61,adPrice,2006-08-25
371,STB2006-08-24,STB,11.554,11.554,11.554,11.554,10.191,154360,0.0,0.0,0.0,0.0,0.0,adPrice,2006-08-24
372,STB2006-08-23,STB,11.372,11.554,11.554,11.286,10.191,164010,0.0,0.0,0.0,0.142,1.24,adPrice,2006-08-23
373,STB2006-08-22,STB,11.498,11.412,11.498,11.412,10.032,268930,0.0,0.0,0.0,-0.213,-1.83,adPrice,2006-08-22
374,STB2006-08-21,STB,11.711,11.625,11.711,11.625,10.27,191270,0.0,0.0,0.0,-0.071,-0.61,adPrice,2006-08-21
375,STB2006-08-18,STB,11.79,11.696,11.964,11.696,10.351,370910,0.0,0.0,0.0,-0.079,-0.67,adPrice,2006-08-18
376,STB2006-08-17,STB,11.775,11.775,12.043,11.775,10.429,563530,0.0,0.0,0.0,0.079,0.68,adPrice,2006-08-17
377,STB2006-08-16,STB,11.609,11.696,11.696,11.609,10.351,286200,0.0,0.0,0.0,0.213,1.85,adPrice,2006-08-16
378,STB2006-08-15,STB,11.751,11.483,11.751,11.483,10.111,534520,0.0,0.0,0.0,-0.213,-1.82,adPrice,2006-08-15
379,STB2006-08-14,STB,11.514,11.696,11.696,11.514,10.351,487760,0.0,0.0,0.0,0.426,3.78,adPrice,2006-08-14
380,STB2006-08-11,STB,11.088,11.27,11.27,11.088,9.872,395920,0.0,0.0,0.0,0.142,1.28,adPrice,2006-08-11
381,STB2006-08-10,STB,10.938,11.128,11.128,10.938,9.713,293470,0.0,0.0,0.0,0.15,1.37,adPrice,2006-08-10
382,STB2006-08-09,STB,11.168,10.978,11.168,10.978,9.554,1078960,0.0,0.0,0.0,-0.363,-3.2,adPrice,2006-08-09
383,STB2006-08-08,STB,11.159,11.341,11.522,11.159,9.952,246690,0.0,0.0,0.0,0.15,1.34,adPrice,2006-08-08
384,STB2006-08-07,STB,11.649,11.191,11.83,11.191,9.793,538860,0.0,0.0,0.0,-0.363,-3.14,adPrice,2006-08-07
385,STB2006-08-04,STB,11.554,11.554,11.554,11.554,10.191,117920,0.0,0.0,0.0,0.426,3.83,adPrice,2006-08-04
386,STB2006-08-03,STB,11.128,11.128,11.128,11.128,9.713,542710,0.0,0.0,0.0,0.363,3.37,adPrice,2006-08-03
387,STB2006-08-02,STB,10.765,10.765,10.765,10.765,9.315,476710,0.0,0.0,0.0,-0.426,-3.81,adPrice,2006-08-02
388,STB2006-08-01,STB,11.191,11.191,11.191,11.191,9.793,167240,0.0,0.0,0.0,-0.434,-3.73,adPrice,2006-08-01
389,STB2006-07-31,STB,11.711,11.625,11.711,11.625,10.27,200780,0.0,0.0,0.0,-0.434,-3.6,adPrice,2006-07-31
390,STB2006-07-28,STB,12.232,12.059,12.327,12.059,10.749,289270,0.0,0.0,0.0,-0.141,-1.16,adPrice,2006-07-28
391,STB2006-07-27,STB,12.2,12.2,12.2,12.114,10.907,400570,0.0,0.0,0.0,0.0,0.0,adPrice,2006-07-27
392,STB2006-07-26,STB,12.295,12.2,12.295,12.027,10.907,311540,0.0,0.0,0.0,-0.213,-1.72,adPrice,2006-07-26
393,STB2006-07-25,STB,12.855,12.413,12.855,12.413,11.146,342530,0.0,0.0,0.0,-0.505,-3.91,adPrice,2006-07-25
394,STB2006-07-24,STB,13.178,12.918,13.178,12.918,11.704,311780,0.0,0.0,0.0,-0.213,-1.62,adPrice,2006-07-24
395,STB2006-07-21,STB,13.218,13.131,13.218,13.131,11.942,603240,0.0,0.0,0.0,-0.221,-1.66,adPrice,2006-07-21
396,STB2006-07-20,STB,12.737,13.352,13.352,12.563,12.181,988420,0.0,0.0,0.0,0.505,3.93,adPrice,2006-07-20
397,STB2006-07-19,STB,13.194,12.847,13.194,12.847,11.624,747410,0.0,0.0,0.0,-0.363,-2.75,adPrice,2006-07-19
398,STB2006-07-18,STB,13.21,13.21,13.21,13.21,12.022,721380,0.0,0.0,0.0,-0.284,-2.1,adPrice,2006-07-18
399,STB2006-07-17,STB,13.754,13.494,13.754,13.494,12.341,1320510,0.0,0.0,0.0,-0.426,-3.06,adPrice,2006-07-17
400,STB2006-07-14,STB,14.094,13.92,14.353,13.92,12.819,935410,0.0,0.0,0.0,-0.141,-1.0,adPrice,2006-07-14
401,STB2006-07-13,STB,13.809,14.061,14.061,13.809,12.978,1694670,0.0,0.0,0.0,0.496,3.66,adPrice,2006-07-13
402,STB2006-07-12,STB,13.565,13.565,13.565,13.565,12.421,763190,0.0,0.0,0.0,0.0,0.0,adPrice,2006-07-12
403,SSI2006-12-29,SSI,14.629,15.857,15.964,14.629,14.471,290400,44316271000.0,0.0,0.0,-0.192,-1.2,adPrice,2006-12-29
404,SSI2006-12-28,SSI,15.159,16.049,16.883,15.159,14.912,182400,0.0,0.0,0.0,-0.293,-1.79,adPrice,2006-12-28
405,SSI2006-12-27,SSI,16.342,16.342,17.278,16.342,15.024,423200,0.0,0.0,0.0,0.1,0.62,adPrice,2006-12-27
406,SSI2006-12-26,SSI,14.457,16.242,17.095,14.457,14.453,435500,0.0,0.0,0.0,0.662,4.25,adPrice,2006-12-26
407,SSI2006-12-25,SSI,15.58,15.58,15.58,15.58,14.283,289000,49964851000.0,0.0,0.0,-1.626,-9.45,adPrice,2006-12-25
408,SSI2006-12-22,SSI,17.206,17.206,17.206,17.206,15.87,413000,0.0,0.0,0.0,-1.794,-9.44,adPrice,2006-12-22
409,SSI2006-12-21,SSI,19.0,19.0,20.248,19.0,17.627,200100,0.0,0.0,0.0,-0.798,-4.03,adPrice,2006-12-21
410,SSI2006-12-20,SSI,19.798,19.798,21.848,19.798,19.579,651600,0.0,0.0,0.0,-0.146,-0.73,adPrice,2006-12-20
411,SSI2006-12-19,SSI,18.278,19.944,19.944,18.278,18.471,326900,0.0,0.0,0.0,1.449,7.83,adPrice,2006-12-19
412,SSI2006-12-18,SSI,17.505,18.495,18.783,17.505,16.865,340200,0.0,0.0,0.0,2.916,18.72,adPrice,2006-12-18
413,SSI2006-12-15,SSI,15.579,15.579,15.579,15.579,15.579,293000,0.0,0.0,0.0,0.0,0.0,adPrice,2006-12-15
414,REE2006-12-29,REE,14.485,14.594,14.594,14.485,13.085,169660,0.0,0.0,0.0,0.103,0.71,adPrice,2006-12-29
415,REE2006-12-28,REE,14.602,14.491,14.602,14.269,12.987,119580,0.0,0.0,0.0,-0.103,-0.71,adPrice,2006-12-28
416,REE2006-12-27,REE,14.594,14.594,14.594,14.594,13.085,156170,0.0,0.0,0.0,0.214,1.49,adPrice,2006-12-27
417,REE2006-12-26,REE,14.38,14.38,14.38,13.943,12.888,293060,0.0,0.0,0.0,0.0,0.0,adPrice,2006-12-26
418,REE2006-12-25,REE,13.721,14.38,14.38,13.062,12.888,498160,63886000000.0,0.0,0.0,0.659,4.8,adPrice,2006-12-25
419,REE2006-12-22,REE,13.721,13.721,13.721,13.721,12.299,166110,0.0,0.0,0.0,-0.659,-4.58,adPrice,2006-12-22
420,REE2006-12-21,REE,14.817,14.38,14.817,14.38,12.888,218770,0.0,0.0,0.0,-0.661,-4.39,adPrice,2006-12-21
421,REE2006-12-20,REE,15.366,15.041,15.366,15.041,13.479,206840,0.0,0.0,0.0,-0.226,-1.48,adPrice,2006-12-20
422,REE2006-12-19,REE,15.051,15.267,15.267,15.051,13.685,387620,0.0,0.0,0.0,0.216,1.44,adPrice,2006-12-19
423,REE2006-12-18,REE,15.484,15.051,15.484,15.051,13.489,371370,0.0,0.0,0.0,-0.759,-4.8,adPrice,2006-12-18
424,REE2006-12-15,REE,15.81,15.81,15.81,15.81,14.174,216830,0.0,0.0,0.0,0.326,2.11,adPrice,2006-12-15
425,REE2006-12-14,REE,15.484,15.484,15.81,15.484,13.88,340050,0.0,0.0,0.0,0.329,2.17,adPrice,2006-12-14
426,REE2006-12-13,REE,15.155,15.155,15.155,15.155,13.588,274740,0.0,0.0,0.0,0.652,4.5,adPrice,2006-12-13
427,REE2006-12-12,REE,14.725,14.503,15.378,14.503,13.002,492900,0.0,0.0,0.0,-0.222,-1.51,adPrice,2006-12-12
428,REE2006-12-11,REE,14.725,14.725,14.725,14.725,13.196,222280,0.0,0.0,0.0,0.659,4.69,adPrice,2006-12-11
429,REE2006-12-08,REE,14.066,14.066,14.066,14.066,12.61,71990,0.0,0.0,0.0,0.652,4.86,adPrice,2006-12-08
430,REE2006-12-07,REE,13.414,13.414,13.414,13.414,12.025,69770,0.0,0.0,0.0,0.543,4.22,adPrice,2006-12-07
431,REE2006-12-06,REE,12.648,12.871,12.871,12.648,11.535,241240,0.0,0.0,0.0,0.549,4.46,adPrice,2006-12-06
432,REE2006-12-05,REE,11.996,12.322,12.322,11.996,11.045,228690,0.0,0.0,0.0,0.437,3.68,adPrice,2006-12-05
433,REE2006-12-04,REE,11.669,11.885,11.885,11.669,10.656,93470,0.0,0.0,0.0,0.216,1.85,adPrice,2006-12-04
434,REE2006-12-01,REE,11.773,11.669,11.773,11.669,10.461,178260,0.0,0.0,0.0,-0.216,-1.82,adPrice,2006-12-01
435,REE2006-11-30,REE,11.558,11.885,11.885,11.558,10.656,235890,0.0,0.0,0.0,0.432,3.77,adPrice,2006-11-30
436,REE2006-11-29,REE,11.453,11.453,11.453,11.343,10.264,320810,0.0,0.0,0.0,-0.328,-2.78,adPrice,2006-11-29
437,REE2006-11-28,REE,11.781,11.781,12.107,11.781,10.557,481610,0.0,0.0,0.0,0.0,0.0,adPrice,2006-11-28
438,REE2006-11-27,REE,12.322,11.781,12.871,11.781,10.557,438480,0.0,0.0,0.0,-0.541,-4.39,adPrice,2006-11-27
439,REE2006-11-24,REE,12.322,12.322,12.322,12.322,11.045,174260,0.0,0.0,0.0,0.541,4.59,adPrice,2006-11-24
440,REE2006-11-23,REE,11.781,11.781,11.781,11.781,10.557,172970,0.0,0.0,0.0,0.549,4.89,adPrice,2006-11-23
441,REE2006-11-22,REE,11.121,11.232,11.232,11.121,10.068,279780,0.0,0.0,0.0,0.327,3.0,adPrice,2006-11-22
442,REE2006-11-21,REE,10.689,10.905,10.905,10.689,9.775,264560,0.0,0.0,0.0,0.382,3.63,adPrice,2006-11-21
443,REE2006-11-20,REE,10.579,10.523,10.689,10.523,9.433,310160,0.0,0.0,0.0,-0.056,-0.53,adPrice,2006-11-20
444,REE2006-11-17,REE,10.411,10.579,10.579,10.411,9.482,186920,0.0,0.0,0.0,0.216,2.08,adPrice,2006-11-17
445,REE2006-11-16,REE,10.363,10.363,10.363,10.252,9.287,338470,0.0,0.0,0.0,-0.104,-0.99,adPrice,2006-11-16
446,REE2006-11-15,REE,10.634,10.467,10.634,10.467,9.384,293670,0.0,0.0,0.0,-0.167,-1.57,adPrice,2006-11-15
447,REE2006-11-14,REE,10.523,10.634,10.634,10.523,9.531,239050,0.0,0.0,0.0,0.382,3.73,adPrice,2006-11-14
448,REE2006-11-13,REE,10.085,10.252,10.252,10.085,9.189,149220,0.0,0.0,0.0,0.328,3.31,adPrice,2006-11-13
449,REE2006-11-10,REE,10.252,9.924,10.356,9.924,8.895,175280,0.0,0.0,0.0,-0.328,-3.2,adPrice,2006-11-10
450,REE2006-11-09,REE,10.14,10.252,10.252,10.14,9.189,290200,0.0,0.0,0.0,0.437,4.45,adPrice,2006-11-09
451,REE2006-11-08,REE,9.815,9.815,9.815,9.815,8.797,99580,0.0,0.0,0.0,0.111,1.14,adPrice,2006-11-08
452,REE2006-11-07,REE,9.704,9.704,9.704,9.704,8.7,109040,0.0,0.0,0.0,0.105,1.09,adPrice,2006-11-07
453,REE2006-11-06,REE,9.544,9.599,9.599,9.544,8.602,55630,0.0,0.0,0.0,0.055,0.58,adPrice,2006-11-06
454,REE2006-11-03,REE,9.544,9.544,9.544,9.544,8.554,114600,0.0,0.0,0.0,0.0,0.0,adPrice,2006-11-03
455,REE2006-11-02,REE,9.656,9.544,9.656,9.544,8.554,61780,0.0,0.0,0.0,-0.16,-1.65,adPrice,2006-11-02
456,REE2006-11-01,REE,9.704,9.704,9.704,9.704,8.7,56880,0.0,0.0,0.0,0.105,1.09,adPrice,2006-11-01
457,REE2006-10-31,REE,9.544,9.599,9.599,9.432,8.602,152930,0.0,0.0,0.0,0.055,0.58,adPrice,2006-10-31
458,REE2006-10-30,REE,9.656,9.544,9.656,9.544,8.554,130390,0.0,0.0,0.0,-0.16,-1.65,adPrice,2006-10-30
459,REE2006-10-27,REE,9.704,9.704,9.704,9.656,8.7,90810,0.0,0.0,0.0,-0.056,-0.57,adPrice,2006-10-27
460,REE2006-10-26,REE,9.76,9.76,9.815,9.76,8.748,67440,0.0,0.0,0.0,0.0,0.0,adPrice,2006-10-26
461,REE2006-10-25,REE,9.87,9.76,9.87,9.76,8.748,85020,0.0,0.0,0.0,-0.11,-1.11,adPrice,2006-10-25
462,REE2006-10-24,REE,9.815,9.87,9.87,9.815,8.847,56620,0.0,0.0,0.0,0.055,0.56,adPrice,2006-10-24
463,REE2006-10-23,REE,9.87,9.815,9.87,9.815,8.797,133350,0.0,0.0,0.0,-0.109,-1.1,adPrice,2006-10-23
464,REE2006-10-20,REE,9.76,9.924,9.924,9.76,8.895,186450,0.0,0.0,0.0,0.22,2.27,adPrice,2006-10-20
465,REE2006-10-19,REE,9.656,9.704,9.704,9.656,8.7,198510,0.0,0.0,0.0,0.215,2.27,adPrice,2006-10-19
466,REE2006-10-18,REE,9.489,9.489,9.599,9.489,8.504,150080,0.0,0.0,0.0,0.0,0.0,adPrice,2006-10-18
467,REE2006-10-17,REE,9.648,9.489,9.648,9.489,8.504,152470,0.0,0.0,0.0,-0.215,-2.22,adPrice,2006-10-17
468,REE2006-10-16,REE,9.656,9.704,9.924,9.656,8.7,185000,0.0,0.0,0.0,0.056,0.58,adPrice,2006-10-16
469,REE2006-10-13,REE,9.704,9.648,9.704,9.648,8.651,231680,0.0,0.0,0.0,-0.167,-1.7,adPrice,2006-10-13
470,REE2006-10-12,REE,9.924,9.815,9.924,9.815,8.797,69850,0.0,0.0,0.0,-0.109,-1.1,adPrice,2006-10-12
471,REE2006-10-11,REE,9.924,9.924,9.924,9.87,8.895,84800,0.0,0.0,0.0,0.097,0.99,adPrice,2006-10-11
472,REE2006-10-10,REE,9.924,9.827,9.924,9.827,8.748,150190,0.0,0.0,0.0,-0.086,-0.87,adPrice,2006-10-10
473,REE2006-10-09,REE,9.913,9.913,9.913,9.913,8.842,125180,0.0,0.0,0.0,0.134,1.37,adPrice,2006-10-09
474,REE2006-10-06,REE,9.779,9.779,9.779,9.728,8.704,109780,0.0,0.0,0.0,0.0,0.0,adPrice,2006-10-06
475,REE2006-10-05,REE,10.036,9.779,10.036,9.779,8.704,85460,0.0,0.0,0.0,-0.276,-2.74,adPrice,2006-10-05
476,REE2006-10-04,REE,10.055,10.055,10.055,10.0,8.981,145540,0.0,0.0,0.0,-0.042,-0.42,adPrice,2006-10-04
477,REE2006-10-03,REE,9.993,10.097,10.097,9.993,9.028,196910,0.0,0.0,0.0,0.091,0.91,adPrice,2006-10-03
478,REE2006-10-02,REE,10.006,10.006,10.006,10.006,8.935,190400,0.0,0.0,0.0,0.407,4.24,adPrice,2006-10-02
479,REE2006-09-29,REE,9.599,9.599,9.648,9.599,8.516,101900,0.0,0.0,0.0,0.0,0.0,adPrice,2006-09-29
480,REE2006-09-28,REE,9.599,9.599,9.599,9.544,8.516,91180,0.0,0.0,0.0,0.0,0.0,adPrice,2006-09-28
481,REE2006-09-27,REE,9.648,9.599,9.648,9.599,8.516,95690,0.0,0.0,0.0,-0.136,-1.4,adPrice,2006-09-27
482,REE2006-09-26,REE,9.576,9.735,9.735,9.576,8.657,233500,0.0,0.0,0.0,0.321,3.41,adPrice,2006-09-26
483,REE2006-09-25,REE,9.365,9.414,9.414,9.365,8.33,172930,0.0,0.0,0.0,0.179,1.94,adPrice,2006-09-25
484,REE2006-09-22,REE,9.235,9.235,9.235,9.18,8.144,67960,0.0,0.0,0.0,0.0,0.0,adPrice,2006-09-22
485,REE2006-09-21,REE,9.285,9.235,9.285,9.235,8.144,64820,0.0,0.0,0.0,-0.043,-0.46,adPrice,2006-09-21
486,REE2006-09-20,REE,9.278,9.278,9.439,9.278,8.189,230970,0.0,0.0,0.0,0.0,0.0,adPrice,2006-09-20
487,REE2006-09-19,REE,9.173,9.278,9.278,9.173,8.189,385770,0.0,0.0,0.0,0.269,2.99,adPrice,2006-09-19
488,REE2006-09-18,REE,8.952,9.009,9.009,8.952,7.911,210990,0.0,0.0,0.0,0.186,2.11,adPrice,2006-09-18
489,REE2006-09-15,REE,8.823,8.823,9.038,8.823,7.725,172190,0.0,0.0,0.0,0.086,0.98,adPrice,2006-09-15
490,REE2006-09-14,REE,8.785,8.737,8.785,8.737,7.631,38740,0.0,0.0,0.0,-0.043,-0.49,adPrice,2006-09-14
491,REE2006-09-13,REE,8.724,8.78,8.78,8.724,7.677,71730,0.0,0.0,0.0,0.093,1.07,adPrice,2006-09-13
492,REE2006-09-12,REE,8.743,8.687,8.743,8.632,7.585,58470,0.0,0.0,0.0,-0.093,-1.06,adPrice,2006-09-12
493,REE2006-09-11,REE,8.835,8.78,8.94,8.78,7.677,27680,0.0,0.0,0.0,-0.043,-0.49,adPrice,2006-09-11
494,REE2006-09-08,REE,8.823,8.823,8.823,8.773,7.725,31280,0.0,0.0,0.0,0.0,0.0,adPrice,2006-09-08
495,REE2006-09-07,REE,8.927,8.823,8.927,8.823,7.725,63960,0.0,0.0,0.0,-0.093,-1.04,adPrice,2006-09-07
496,REE2006-09-06,REE,9.02,8.916,9.076,8.916,7.819,85660,0.0,0.0,0.0,-0.093,-1.03,adPrice,2006-09-06
497,REE2006-09-05,REE,9.009,9.009,9.009,9.009,7.911,107210,0.0,0.0,0.0,0.229,2.61,adPrice,2006-09-05
498,REE2006-09-01,REE,8.724,8.78,8.78,8.724,7.677,90400,0.0,0.0,0.0,0.043,0.49,adPrice,2006-09-01
499,REE2006-08-31,REE,8.785,8.737,8.785,8.737,7.631,50860,0.0,0.0,0.0,-0.086,-0.97,adPrice,2006-08-31
500,REE2006-08-30,REE,8.823,8.823,8.878,8.823,7.725,82910,0.0,0.0,0.0,0.043,0.49,adPrice,2006-08-30
501,REE2006-08-29,REE,8.724,8.78,8.78,8.724,7.677,27270,0.0,0.0,0.0,0.043,0.49,adPrice,2006-08-29
502,REE2006-08-28,REE,8.624,8.737,8.737,8.576,7.631,39340,0.0,0.0,0.0,0.094,1.09,adPrice,2006-08-28
503,REE2006-08-25,REE,8.588,8.643,8.643,8.588,7.538,46530,0.0,0.0,0.0,0.047,0.55,adPrice,2006-08-25
504,REE2006-08-24,REE,8.596,8.596,8.706,8.596,7.492,33260,0.0,0.0,0.0,0.0,0.0,adPrice,2006-08-24
505,REE2006-08-23,REE,8.435,8.596,8.596,8.435,7.492,82500,0.0,0.0,0.0,0.136,1.61,adPrice,2006-08-23
506,REE2006-08-22,REE,8.57,8.46,8.57,8.46,7.354,83480,0.0,0.0,0.0,-0.183,-2.12,adPrice,2006-08-22
507,REE2006-08-21,REE,8.643,8.643,8.749,8.643,7.538,106030,0.0,0.0,0.0,0.0,0.0,adPrice,2006-08-21
508,REE2006-08-18,REE,8.7,8.643,8.7,8.643,7.538,87410,0.0,0.0,0.0,-0.094,-1.08,adPrice,2006-08-18
509,REE2006-08-17,REE,8.841,8.737,8.946,8.737,7.631,126370,0.0,0.0,0.0,-0.086,-0.97,adPrice,2006-08-17
510,REE2006-08-16,REE,8.717,8.823,8.823,8.717,7.725,113910,0.0,0.0,0.0,0.271,3.17,adPrice,2006-08-16
511,REE2006-08-15,REE,8.607,8.552,8.816,8.552,7.446,136120,0.0,0.0,0.0,-0.044,-0.51,adPrice,2006-08-15
512,REE2006-08-14,REE,8.596,8.596,8.596,8.596,7.492,112920,0.0,0.0,0.0,0.316,3.82,adPrice,2006-08-14
513,REE2006-08-11,REE,8.12,8.28,8.28,8.12,7.166,79770,0.0,0.0,0.0,0.271,3.38,adPrice,2006-08-11
514,REE2006-08-10,REE,8.009,8.009,8.009,7.954,6.887,37810,0.0,0.0,0.0,0.0,0.0,adPrice,2006-08-10
515,REE2006-08-09,REE,8.009,8.009,8.058,8.009,6.887,140260,0.0,0.0,0.0,0.142,1.81,adPrice,2006-08-09
516,REE2006-08-08,REE,7.709,7.867,7.867,7.709,6.747,53550,0.0,0.0,0.0,0.221,2.89,adPrice,2006-08-08
517,REE2006-08-07,REE,7.863,7.646,8.133,7.646,6.516,122160,0.0,0.0,0.0,-0.178,-2.28,adPrice,2006-08-07
518,REE2006-08-04,REE,7.824,7.824,7.824,7.824,6.701,46180,0.0,0.0,0.0,0.271,3.59,adPrice,2006-08-04
519,REE2006-08-03,REE,7.443,7.553,7.553,7.443,6.422,82240,0.0,0.0,0.0,0.277,3.81,adPrice,2006-08-03
520,REE2006-08-02,REE,7.06,7.276,7.276,6.839,6.144,110870,0.0,0.0,0.0,0.179,2.52,adPrice,2006-08-02
521,REE2006-08-01,REE,7.097,7.097,7.097,7.097,5.956,166200,0.0,0.0,0.0,-0.27,-3.66,adPrice,2006-08-01
522,REE2006-07-31,REE,7.701,7.367,7.701,7.367,6.237,66110,0.0,0.0,0.0,-0.321,-4.18,adPrice,2006-07-31
523,REE2006-07-28,REE,7.745,7.688,7.799,7.688,6.561,34290,0.0,0.0,0.0,-0.044,-0.57,adPrice,2006-07-28
524,REE2006-07-27,REE,7.572,7.732,7.732,7.572,6.608,59150,0.0,0.0,0.0,0.179,2.37,adPrice,2006-07-27
525,REE2006-07-26,REE,7.553,7.553,7.658,7.553,6.422,99350,0.0,0.0,0.0,0.043,0.57,adPrice,2006-07-26
526,REE2006-07-25,REE,7.726,7.51,7.726,7.51,6.375,91340,0.0,0.0,0.0,-0.314,-4.01,adPrice,2006-07-25
527,REE2006-07-24,REE,7.88,7.824,7.88,7.824,6.701,103720,0.0,0.0,0.0,-0.135,-1.7,adPrice,2006-07-24
528,REE2006-07-21,REE,8.232,7.959,8.232,7.959,6.84,41340,0.0,0.0,0.0,-0.273,-3.32,adPrice,2006-07-21
529,REE2006-07-20,REE,7.855,8.232,8.232,7.855,7.121,52090,0.0,0.0,0.0,0.315,3.98,adPrice,2006-07-20
530,REE2006-07-19,REE,8.133,7.917,8.133,7.917,6.794,86170,0.0,0.0,0.0,-0.228,-2.8,adPrice,2006-07-19
531,REE2006-07-18,REE,8.36,8.145,8.36,8.145,7.026,30020,0.0,0.0,0.0,-0.222,-2.65,adPrice,2006-07-18
532,REE2006-07-17,REE,8.534,8.367,8.534,8.367,7.258,23710,0.0,0.0,0.0,-0.142,-1.67,adPrice,2006-07-17
533,REE2006-07-14,REE,8.558,8.509,8.558,8.509,7.4,31810,0.0,0.0,0.0,-0.043,-0.5,adPrice,2006-07-14
534,REE2006-07-13,REE,8.496,8.552,8.552,8.496,7.446,70020,0.0,0.0,0.0,0.092,1.09,adPrice,2006-07-13
535,REE2006-07-12,REE,8.515,8.46,8.515,8.46,7.354,25300,0.0,0.0,0.0,-0.092,-1.08,adPrice,2006-07-12
536,REE2006-07-11,REE,8.607,8.552,8.657,8.552,7.446,23290,0.0,0.0,0.0,-0.044,-0.51,adPrice,2006-07-11
537,REE2006-07-10,REE,8.596,8.596,8.596,8.596,7.492,93010,0.0,0.0,0.0,-0.091,-1.05,adPrice,2006-07-10
538,REE2006-07-07,REE,8.582,8.687,8.687,8.582,7.585,46520,0.0,0.0,0.0,0.091,1.06,adPrice,2006-07-07
539,REE2006-07-06,REE,8.435,8.596,8.596,8.435,7.492,30040,0.0,0.0,0.0,0.136,1.61,adPrice,2006-07-06
540,REE2006-07-05,REE,8.46,8.46,8.46,8.41,7.354,22660,0.0,0.0,0.0,0.0,0.0,adPrice,2006-07-05
541,REE2006-07-04,REE,8.515,8.46,8.515,8.46,7.354,36900,0.0,0.0,0.0,-0.092,-1.08,adPrice,2006-07-04
542,REE2006-07-03,REE,8.711,8.552,8.711,8.552,7.446,53990,0.0,0.0,0.0,-0.185,-2.12,adPrice,2006-07-03
543,REE2006-06-30,REE,8.737,8.737,8.785,8.737,7.631,292320,0.0,0.0,0.0,0.0,0.0,adPrice,2006-06-30
544,REE2006-06-29,REE,8.624,8.737,8.737,8.624,7.631,104110,0.0,0.0,0.0,0.094,1.09,adPrice,2006-06-29
545,REE2006-06-28,REE,8.643,8.643,8.643,8.643,7.538,60000,0.0,0.0,0.0,0.091,1.06,adPrice,2006-06-28
546,REE2006-06-27,REE,8.552,8.552,8.552,8.448,7.446,63300,0.0,0.0,0.0,0.0,0.0,adPrice,2006-06-27
547,REE2006-06-26,REE,8.657,8.552,8.657,8.552,7.446,62990,0.0,0.0,0.0,-0.185,-2.12,adPrice,2006-06-26
548,REE2006-06-23,REE,8.624,8.737,8.841,8.417,7.631,92730,0.0,0.0,0.0,0.094,1.09,adPrice,2006-06-23
549,REE2006-06-22,REE,8.483,8.643,8.643,8.483,7.538,62580,0.0,0.0,0.0,0.319,3.83,adPrice,2006-06-22
550,REE2006-06-21,REE,8.596,8.324,8.596,8.324,7.214,211170,0.0,0.0,0.0,-0.272,-3.16,adPrice,2006-06-21
551,REE2006-06-20,REE,8.811,8.596,8.811,8.596,7.492,121660,0.0,0.0,0.0,-0.227,-2.57,adPrice,2006-06-20
552,REE2006-06-19,REE,8.927,8.823,8.927,8.823,7.725,77340,0.0,0.0,0.0,-0.142,-1.58,adPrice,2006-06-19
553,REE2006-06-16,REE,8.965,8.965,8.965,8.853,7.865,214620,0.0,0.0,0.0,-0.134,-1.47,adPrice,2006-06-16
554,REE2006-06-15,REE,9.206,9.099,9.206,9.099,8.004,55370,0.0,0.0,0.0,-0.087,-0.95,adPrice,2006-06-15
555,REE2006-06-14,REE,9.241,9.186,9.291,9.186,8.097,64460,0.0,0.0,0.0,-0.049,-0.53,adPrice,2006-06-14
556,REE2006-06-13,REE,9.285,9.235,9.285,9.235,8.144,72580,0.0,0.0,0.0,-0.043,-0.46,adPrice,2006-06-13
557,REE2006-06-12,REE,9.278,9.278,9.278,9.278,8.189,51000,0.0,0.0,0.0,-0.093,-0.99,adPrice,2006-06-12
558,REE2006-06-09,REE,9.315,9.371,9.371,9.315,8.284,65310,0.0,0.0,0.0,-0.043,-0.46,adPrice,2006-06-09
559,REE2006-06-08,REE,9.414,9.414,9.414,9.365,8.33,48300,0.0,0.0,0.0,0.0,0.0,adPrice,2006-06-08
560,REE2006-06-07,REE,9.468,9.414,9.468,9.414,8.33,38600,0.0,0.0,0.0,-0.136,-1.42,adPrice,2006-06-07
561,REE2006-06-06,REE,9.55,9.55,9.656,9.55,8.469,72590,0.0,0.0,0.0,0.093,0.98,adPrice,2006-06-06
562,REE2006-06-05,REE,9.353,9.457,9.457,9.353,8.378,91290,0.0,0.0,0.0,0.179,1.93,adPrice,2006-06-05
563,REE2006-06-02,REE,9.278,9.278,9.278,9.278,8.189,117910,0.0,0.0,0.0,0.043,0.47,adPrice,2006-06-02
564,REE2006-06-01,REE,9.235,9.235,9.235,9.18,8.144,85560,0.0,0.0,0.0,-0.043,-0.46,adPrice,2006-06-01
565,REE2006-05-31,REE,9.278,9.278,9.489,9.278,8.189,203930,0.0,0.0,0.0,0.179,1.97,adPrice,2006-05-31
566,REE2006-05-30,REE,9.099,9.099,9.099,9.045,8.004,160160,0.0,0.0,0.0,-0.136,-1.47,adPrice,2006-05-30
567,REE2006-05-29,REE,9.389,9.235,9.389,9.235,8.144,61120,0.0,0.0,0.0,-0.136,-1.45,adPrice,2006-05-29
568,REE2006-05-26,REE,9.315,9.371,9.371,9.315,8.284,104230,0.0,0.0,0.0,0.05,0.54,adPrice,2006-05-26
569,REE2006-05-25,REE,9.481,9.321,9.481,9.321,8.237,105180,0.0,0.0,0.0,-0.229,-2.4,adPrice,2006-05-25
570,REE2006-05-24,REE,9.445,9.55,9.55,9.445,8.469,134330,0.0,0.0,0.0,0.272,2.93,adPrice,2006-05-24
571,REE2006-05-23,REE,9.278,9.278,9.278,9.278,8.189,212550,0.0,0.0,0.0,-0.179,-1.89,adPrice,2006-05-23
572,REE2006-05-22,REE,9.457,9.457,9.457,9.409,8.378,161420,0.0,0.0,0.0,-0.184,-1.91,adPrice,2006-05-22
573,REE2006-05-19,REE,9.641,9.641,9.641,9.641,8.562,161010,0.0,0.0,0.0,-0.044,-0.45,adPrice,2006-05-19
574,REE2006-05-18,REE,9.74,9.685,9.74,9.685,8.608,132850,0.0,0.0,0.0,-0.228,-2.3,adPrice,2006-05-18
575,REE2006-05-17,REE,9.913,9.913,9.913,9.913,8.842,85830,0.0,0.0,0.0,0.0,0.0,adPrice,2006-05-17
576,REE2006-05-16,REE,9.913,9.913,9.913,9.913,8.842,255060,0.0,0.0,0.0,-0.278,-2.73,adPrice,2006-05-16
577,REE2006-05-15,REE,9.877,10.191,10.191,9.877,9.121,332740,0.0,0.0,0.0,0.339,3.44,adPrice,2006-05-15
578,REE2006-05-12,REE,9.852,9.852,10.111,9.852,8.777,145490,0.0,0.0,0.0,0.179,1.85,adPrice,2006-05-12
579,REE2006-05-11,REE,9.673,9.673,9.673,9.673,8.592,362450,0.0,0.0,0.0,0.363,3.9,adPrice,2006-05-11
580,REE2006-05-10,REE,9.31,9.31,9.31,9.31,8.222,204590,0.0,0.0,0.0,-0.406,-4.18,adPrice,2006-05-10
581,REE2006-05-09,REE,9.87,9.716,9.87,9.716,8.637,197660,0.0,0.0,0.0,-0.407,-4.02,adPrice,2006-05-09
582,REE2006-05-08,REE,10.227,10.123,10.227,10.123,9.054,230300,0.0,0.0,0.0,-0.357,-3.41,adPrice,2006-05-08
583,REE2006-05-05,REE,10.48,10.48,10.48,10.48,9.422,558620,0.0,0.0,0.0,0.357,3.53,adPrice,2006-05-05
584,REE2006-05-04,REE,10.326,10.123,10.326,10.123,9.054,308840,0.0,0.0,0.0,-0.271,-2.61,adPrice,2006-05-04
585,REE2006-05-03,REE,10.394,10.394,10.596,10.394,9.33,303490,0.0,0.0,0.0,0.185,1.81,adPrice,2006-05-03
586,REE2006-04-28,REE,9.958,10.209,10.209,9.958,9.146,570340,0.0,0.0,0.0,0.4,4.08,adPrice,2006-04-28
587,REE2006-04-27,REE,10.166,9.809,10.166,9.809,8.729,445070,0.0,0.0,0.0,-0.4,-3.92,adPrice,2006-04-27
588,REE2006-04-26,REE,10.313,10.209,10.313,10.209,9.146,277920,0.0,0.0,0.0,-0.271,-2.59,adPrice,2006-04-26
589,REE2006-04-25,REE,10.48,10.48,10.48,10.48,9.422,283180,0.0,0.0,0.0,0.357,3.53,adPrice,2006-04-25
590,REE2006-04-24,REE,10.123,10.123,10.123,10.123,9.054,73050,0.0,0.0,0.0,0.407,4.19,adPrice,2006-04-24
591,REE2006-04-21,REE,9.716,9.716,9.716,9.716,8.637,187870,0.0,0.0,0.0,0.357,3.81,adPrice,2006-04-21
592,REE2006-04-20,REE,9.359,9.359,9.409,9.359,8.27,259830,0.0,0.0,0.0,0.092,0.99,adPrice,2006-04-20
593,REE2006-04-19,REE,9.267,9.267,9.267,9.211,8.176,191160,0.0,0.0,0.0,-0.043,-0.46,adPrice,2006-04-19
594,REE2006-04-18,REE,9.26,9.31,9.31,9.206,8.222,236990,0.0,0.0,0.0,0.043,0.46,adPrice,2006-04-18
595,REE2006-04-17,REE,9.267,9.267,9.315,9.267,8.176,219150,0.0,0.0,0.0,0.049,0.53,adPrice,2006-04-17
596,REE2006-04-14,REE,9.218,9.218,9.321,9.218,8.131,185410,0.0,0.0,0.0,0.0,0.0,adPrice,2006-04-14
597,REE2006-04-13,REE,9.218,9.218,9.321,9.218,8.131,329630,0.0,0.0,0.0,0.18,1.99,adPrice,2006-04-13
598,REE2006-04-12,REE,9.038,9.038,9.038,9.038,7.944,253370,0.0,0.0,0.0,0.222,2.52,adPrice,2006-04-12
599,REE2006-04-11,REE,8.866,8.816,8.866,8.816,7.712,241420,0.0,0.0,0.0,-0.136,-1.52,adPrice,2006-04-11
600,REE2006-04-10,REE,9.056,8.952,9.162,8.952,7.852,216820,0.0,0.0,0.0,-0.086,-0.95,adPrice,2006-04-10
601,REE2006-04-07,REE,8.933,9.038,9.038,8.933,7.944,367570,0.0,0.0,0.0,0.222,2.52,adPrice,2006-04-07
602,REE2006-04-06,REE,8.816,8.816,8.971,8.816,7.712,307970,0.0,0.0,0.0,0.092,1.05,adPrice,2006-04-06
603,REE2006-04-05,REE,8.724,8.724,8.724,8.724,7.622,327400,0.0,0.0,0.0,0.314,3.73,adPrice,2006-04-05
604,REE2006-04-04,REE,8.729,8.41,9.155,8.41,7.298,552820,0.0,0.0,0.0,-0.271,-3.12,adPrice,2006-04-04
605,REE2006-04-03,REE,8.681,8.681,8.681,8.681,7.575,92410,0.0,0.0,0.0,0.0,0.0,adPrice,2006-04-03
606,REE2006-03-31,REE,8.36,8.36,8.36,8.36,7.253,40390,0.0,0.0,0.0,0.314,3.9,adPrice,2006-03-31
607,REE2006-03-30,REE,8.046,8.046,8.046,8.046,6.929,72200,0.0,0.0,0.0,0.314,4.06,adPrice,2006-03-30
608,REE2006-03-29,REE,7.566,7.732,7.732,7.566,6.605,283790,0.0,0.0,0.0,0.27,3.62,adPrice,2006-03-29
609,REE2006-03-28,REE,7.462,7.462,7.462,7.462,6.327,258610,0.0,0.0,0.0,0.272,3.78,adPrice,2006-03-28
610,REE2006-03-27,REE,7.079,7.19,7.19,7.079,6.051,244440,0.0,0.0,0.0,0.271,3.92,adPrice,2006-03-27
611,REE2006-03-24,REE,6.919,6.919,6.919,6.919,5.774,143880,0.0,0.0,0.0,0.0,0.0,adPrice,2006-03-24
612,REE2006-03-23,REE,6.919,6.919,6.919,6.919,5.774,193820,0.0,0.0,0.0,0.0,0.0,adPrice,2006-03-23
613,REE2006-03-22,REE,7.084,6.919,7.084,6.919,5.774,328440,0.0,0.0,0.0,-0.137,-1.94,adPrice,2006-03-22
614,REE2006-03-21,REE,7.056,7.056,7.11,7.056,5.912,213080,0.0,0.0,0.0,0.137,1.98,adPrice,2006-03-21
615,REE2006-03-20,REE,6.864,6.919,6.919,6.864,5.774,200500,0.0,0.0,0.0,0.228,3.41,adPrice,2006-03-20
616,REE2006-03-17,REE,6.524,6.691,6.691,6.524,5.541,107880,0.0,0.0,0.0,0.221,3.42,adPrice,2006-03-17
617,REE2006-03-16,REE,6.413,6.47,6.47,6.413,5.312,127130,0.0,0.0,0.0,0.137,2.16,adPrice,2006-03-16
618,REE2006-03-15,REE,6.446,6.333,6.446,6.333,5.173,135800,0.0,0.0,0.0,-0.093,-1.45,adPrice,2006-03-15
619,REE2006-03-14,REE,6.308,6.426,6.426,6.308,5.266,166840,0.0,0.0,0.0,0.136,2.16,adPrice,2006-03-14
620,REE2006-03-13,REE,6.29,6.29,6.29,6.29,5.128,154680,0.0,0.0,0.0,0.227,3.74,adPrice,2006-03-13
621,REE2006-03-10,REE,6.063,6.063,6.118,6.063,4.896,202680,0.0,0.0,0.0,0.0,0.0,adPrice,2006-03-10
622,REE2006-03-09,REE,6.063,6.063,6.063,6.007,4.896,137140,0.0,0.0,0.0,-0.042,-0.69,adPrice,2006-03-09
623,REE2006-03-08,REE,6.167,6.105,6.167,6.105,4.942,200960,0.0,0.0,0.0,-0.05,-0.81,adPrice,2006-03-08
624,REE2006-03-07,REE,6.094,6.155,6.155,6.094,4.989,234810,0.0,0.0,0.0,0.05,0.82,adPrice,2006-03-07
625,REE2006-03-06,REE,6.105,6.105,6.105,6.105,4.942,502930,0.0,0.0,0.0,0.22,3.74,adPrice,2006-03-06
626,REE2006-03-03,REE,6.173,5.885,6.456,5.885,4.712,381310,0.0,0.0,0.0,-0.22,-3.6,adPrice,2006-03-03
627,REE2006-03-02,REE,6.105,6.105,6.105,6.105,4.942,162080,0.0,0.0,0.0,0.22,3.74,adPrice,2006-03-02
628,REE2006-03-01,REE,5.885,5.885,5.885,5.885,4.712,185760,0.0,0.0,0.0,0.18,3.16,adPrice,2006-03-01
629,REE2006-02-28,REE,5.705,5.705,5.705,5.705,4.526,232250,0.0,0.0,0.0,0.209,3.8,adPrice,2006-02-28
630,REE2006-02-27,REE,5.415,5.496,5.496,5.415,4.315,239250,0.0,0.0,0.0,0.198,3.74,adPrice,2006-02-27
631,REE2006-02-24,REE,5.298,5.298,5.342,5.298,4.111,224910,0.0,0.0,0.0,0.129,2.5,adPrice,2006-02-24
632,REE2006-02-23,REE,5.169,5.169,5.169,5.169,4.046,203510,0.0,0.0,0.0,-0.02,-0.39,adPrice,2006-02-23
633,REE2006-02-22,REE,5.281,5.189,5.281,5.189,4.0,168750,0.0,0.0,0.0,-0.109,-2.06,adPrice,2006-02-22
634,REE2006-02-21,REE,5.298,5.298,5.324,5.298,4.119,268880,0.0,0.0,0.0,0.085,1.63,adPrice,2006-02-21
635,REE2006-02-20,REE,5.132,5.213,5.213,5.132,4.028,98940,0.0,0.0,0.0,0.186,3.7,adPrice,2006-02-20
636,REE2006-02-17,REE,5.015,5.027,5.027,5.015,3.837,151430,0.0,0.0,0.0,0.018,0.36,adPrice,2006-02-17
637,REE2006-02-16,REE,4.972,5.009,5.009,4.972,3.819,89380,0.0,0.0,0.0,0.061,1.23,adPrice,2006-02-16
638,REE2006-02-15,REE,4.757,4.948,4.948,4.757,3.755,112230,0.0,0.0,0.0,0.166,3.47,adPrice,2006-02-15
639,REE2006-02-14,REE,4.732,4.782,4.782,4.732,3.584,116370,0.0,0.0,0.0,0.058,1.23,adPrice,2006-02-14
640,REE2006-02-13,REE,4.737,4.724,4.75,4.724,3.529,71140,0.0,0.0,0.0,-0.008,-0.17,adPrice,2006-02-13
641,REE2006-02-10,REE,4.732,4.732,4.732,4.732,3.537,44110,0.0,0.0,0.0,0.0,0.0,adPrice,2006-02-10
642,REE2006-02-09,REE,4.744,4.732,4.744,4.732,3.537,150830,0.0,0.0,0.0,-0.012,-0.25,adPrice,2006-02-09
643,REE2006-02-08,REE,4.744,4.744,4.744,4.744,3.546,141680,0.0,0.0,0.0,0.055,1.17,adPrice,2006-02-08
644,REE2006-02-07,REE,4.615,4.689,4.689,4.615,3.491,84000,0.0,0.0,0.0,0.124,2.72,adPrice,2006-02-07
645,REE2006-02-06,REE,4.565,4.565,4.565,4.565,3.364,51330,0.0,0.0,0.0,0.044,0.97,adPrice,2006-02-06
646,REE2006-01-27,REE,4.521,4.521,4.521,4.521,3.32,34680,0.0,0.0,0.0,0.0,0.0,adPrice,2006-01-27
647,REE2006-01-26,REE,4.461,4.521,4.521,4.461,3.32,73530,0.0,0.0,0.0,0.06,1.34,adPrice,2006-01-26
648,REE2006-01-25,REE,4.436,4.461,4.461,4.436,3.255,32610,0.0,0.0,0.0,0.019,0.43,adPrice,2006-01-25
649,REE2006-01-24,REE,4.442,4.442,4.442,4.442,3.238,25370,0.0,0.0,0.0,0.0,0.0,adPrice,2006-01-24
650,REE2006-01-23,REE,4.466,4.442,4.491,4.442,3.238,34800,0.0,0.0,0.0,-0.019,-0.43,adPrice,2006-01-23
651,REE2006-01-20,REE,4.499,4.461,4.499,4.461,3.255,49820,0.0,0.0,0.0,-0.038,-0.84,adPrice,2006-01-20
652,REE2006-01-19,REE,4.485,4.499,4.499,4.485,3.291,94750,0.0,0.0,0.0,0.057,1.28,adPrice,2006-01-19
653,REE2006-01-18,REE,4.379,4.442,4.442,4.379,3.238,57360,0.0,0.0,0.0,0.074,1.69,adPrice,2006-01-18
654,REE2006-01-17,REE,4.331,4.368,4.368,4.331,3.164,24910,0.0,0.0,0.0,0.0,0.0,adPrice,2006-01-17
655,REE2006-01-13,REE,4.307,4.319,4.319,4.307,3.111,14030,0.0,0.0,0.0,0.012,0.28,adPrice,2006-01-13
656,REE2006-01-12,REE,4.307,4.307,4.319,4.307,3.101,11440,0.0,0.0,0.0,0.0,0.0,adPrice,2006-01-12
657,REE2006-01-11,REE,4.307,4.307,4.307,4.295,3.101,19150,0.0,0.0,0.0,0.0,0.0,adPrice,2006-01-11
658,REE2006-01-10,REE,4.307,4.307,4.319,4.307,3.101,24910,0.0,0.0,0.0,0.0,0.0,adPrice,2006-01-10
659,REE2006-01-09,REE,4.307,4.307,4.307,4.295,3.101,3020,0.0,0.0,0.0,-0.012,-0.28,adPrice,2006-01-09
660,REE2006-01-06,REE,4.319,4.319,4.319,4.319,3.111,33950,0.0,0.0,0.0,0.0,0.0,adPrice,2006-01-06
661,REE2006-01-05,REE,4.319,4.319,4.319,4.319,3.111,5210,0.0,0.0,0.0,0.012,0.28,adPrice,2006-01-05
662,REE2006-01-04,REE,4.295,4.307,4.307,4.295,3.101,13150,0.0,0.0,0.0,0.007,0.16,adPrice,2006-01-04
663,REE2006-01-03,REE,4.338,4.3,4.338,4.3,3.091,22060,0.0,0.0,0.0,-0.038,-0.88,adPrice,2006-01-03
664,KDC2006-12-29,KDC,16.197,16.197,16.197,16.197,12.332,5570,0.0,0.0,0.0,0.684,4.41,adPrice,2006-12-29
665,KDC2006-12-28,KDC,16.312,15.513,17.111,15.513,11.811,79700,0.0,0.0,0.0,-0.799,-4.9,adPrice,2006-12-28
666,KDC2006-12-27,KDC,16.312,16.312,16.312,16.312,12.418,174110,0.0,0.0,0.0,-0.799,-4.67,adPrice,2006-12-27
667,KDC2006-12-26,KDC,17.111,17.111,17.111,17.111,13.027,49080,0.0,0.0,0.0,-0.8,-4.47,adPrice,2006-12-26
668,KDC2006-12-25,KDC,17.911,17.911,17.911,17.911,13.636,44890,7048000000.0,0.0,0.0,-0.911,-4.84,adPrice,2006-12-25
669,KDC2006-12-22,KDC,18.822,18.822,18.822,18.822,14.328,41000,0.0,0.0,0.0,-0.914,-4.63,adPrice,2006-12-22
670,KDC2006-12-21,KDC,19.736,19.736,19.736,19.736,15.024,134570,0.0,0.0,0.0,0.0,0.0,adPrice,2006-12-21
671,KDC2006-12-20,KDC,19.736,19.736,19.736,19.736,15.024,74800,0.0,0.0,0.0,0.914,4.86,adPrice,2006-12-20
672,KDC2006-12-19,KDC,18.822,18.822,18.822,18.822,14.328,74470,0.0,0.0,0.0,0.801,4.44,adPrice,2006-12-19
673,KDC2006-12-18,KDC,18.021,18.021,18.021,18.021,13.722,71620,0.0,0.0,0.0,0.799,4.64,adPrice,2006-12-18
674,KDC2006-12-15,KDC,17.222,17.222,17.222,17.222,13.114,169440,0.0,0.0,0.0,0.795,4.84,adPrice,2006-12-15
675,KDC2006-12-14,KDC,16.427,16.427,16.427,16.427,12.506,65590,0.0,0.0,0.0,0.686,4.36,adPrice,2006-12-14
676,KDC2006-12-13,KDC,15.057,15.741,15.741,15.057,11.985,101390,0.0,0.0,0.0,0.684,4.54,adPrice,2006-12-13
677,KDC2006-12-12,KDC,15.057,15.057,15.057,15.057,11.462,74710,0.0,0.0,0.0,0.686,4.77,adPrice,2006-12-12
678,KDC2006-12-11,KDC,14.371,14.371,14.371,14.371,10.942,78330,0.0,0.0,0.0,0.683,4.99,adPrice,2006-12-11
679,KDC2006-12-08,KDC,13.688,13.688,13.688,13.688,10.421,31860,0.0,0.0,0.0,0.57,4.35,adPrice,2006-12-08
680,KDC2006-12-07,KDC,13.118,13.118,13.118,13.118,9.988,196310,0.0,0.0,0.0,0.571,4.55,adPrice,2006-12-07
681,KDC2006-12-06,KDC,12.318,12.547,12.547,12.318,9.552,80130,0.0,0.0,0.0,0.226,1.83,adPrice,2006-12-06
682,KDC2006-12-05,KDC,12.433,12.321,12.433,12.321,9.381,37280,0.0,0.0,0.0,-0.112,-0.9,adPrice,2006-12-05
683,KDC2006-12-04,KDC,12.433,12.433,12.433,12.433,9.467,72780,0.0,0.0,0.0,0.456,3.81,adPrice,2006-12-04
684,KDC2006-12-01,KDC,11.977,11.977,12.092,11.977,9.118,94390,0.0,0.0,0.0,0.343,2.95,adPrice,2006-12-01
685,KDC2006-11-30,KDC,11.179,11.634,11.634,11.179,8.86,68510,0.0,0.0,0.0,0.455,4.07,adPrice,2006-11-30
686,KDC2006-11-29,KDC,11.179,11.179,11.179,11.179,8.51,41380,0.0,0.0,0.0,-0.569,-4.84,adPrice,2006-11-29
687,KDC2006-11-28,KDC,11.748,11.748,11.748,11.748,8.945,36110,0.0,0.0,0.0,-0.573,-4.65,adPrice,2006-11-28
688,KDC2006-11-27,KDC,12.891,12.321,13.231,12.321,9.381,25550,0.0,0.0,0.0,-0.567,-4.4,adPrice,2006-11-27
689,KDC2006-11-24,KDC,12.888,12.888,13.118,12.888,9.813,165740,0.0,0.0,0.0,0.341,2.72,adPrice,2006-11-24
690,KDC2006-11-23,KDC,12.547,12.547,12.891,12.547,9.552,119070,0.0,0.0,0.0,0.226,1.83,adPrice,2006-11-23
691,KDC2006-11-22,KDC,12.321,12.321,12.321,12.321,9.381,142680,0.0,0.0,0.0,0.573,4.88,adPrice,2006-11-22
692,KDC2006-11-21,KDC,11.748,11.748,11.862,11.748,8.945,85580,0.0,0.0,0.0,0.4,3.52,adPrice,2006-11-21
693,KDC2006-11-20,KDC,11.348,11.348,11.348,11.348,8.64,139260,0.0,0.0,0.0,0.511,4.72,adPrice,2006-11-20
694,KDC2006-11-17,KDC,10.837,10.837,10.837,10.379,8.251,16220,0.0,0.0,0.0,-0.057,-0.52,adPrice,2006-11-17
695,KDC2006-11-16,KDC,10.953,10.894,11.179,10.894,8.293,4390,0.0,0.0,0.0,-0.059,-0.54,adPrice,2006-11-16
696,KDC2006-11-15,KDC,10.953,10.953,11.179,10.953,8.338,4740,0.0,0.0,0.0,0.0,0.0,adPrice,2006-11-15
697,KDC2006-11-14,KDC,10.492,10.953,10.953,10.492,8.338,17630,0.0,0.0,0.0,0.461,4.39,adPrice,2006-11-14
698,KDC2006-11-13,KDC,10.438,10.492,10.492,10.438,7.989,15390,0.0,0.0,0.0,0.054,0.52,adPrice,2006-11-13
699,KDC2006-11-10,KDC,10.268,10.438,10.438,10.268,7.948,41840,0.0,0.0,0.0,0.17,1.66,adPrice,2006-11-10
700,KDC2006-11-09,KDC,10.268,10.268,10.323,10.268,7.816,40900,0.0,0.0,0.0,0.0,0.0,adPrice,2006-11-09
701,KDC2006-11-08,KDC,10.268,10.268,10.383,10.268,7.816,63200,0.0,0.0,0.0,0.23,2.29,adPrice,2006-11-08
702,KDC2006-11-07,KDC,10.038,10.038,10.038,9.923,7.642,2850,0.0,0.0,0.0,0.0,0.0,adPrice,2006-11-07
703,KDC2006-11-06,KDC,9.982,10.038,10.038,9.923,7.642,15240,0.0,0.0,0.0,0.056,0.56,adPrice,2006-11-06
704,KDC2006-11-03,KDC,9.982,9.982,9.982,9.982,7.599,2600,0.0,0.0,0.0,0.0,0.0,adPrice,2006-11-03
705,KDC2006-11-02,KDC,10.038,9.982,10.038,9.982,7.599,6900,0.0,0.0,0.0,-0.056,-0.56,adPrice,2006-11-02
706,KDC2006-11-01,KDC,10.038,10.038,10.038,9.982,7.642,5620,0.0,0.0,0.0,0.0,0.0,adPrice,2006-11-01
707,KDC2006-10-31,KDC,9.982,10.038,10.038,9.808,7.642,28190,0.0,0.0,0.0,0.056,0.56,adPrice,2006-10-31
708,KDC2006-10-30,KDC,10.209,9.982,10.209,9.982,7.599,5800,0.0,0.0,0.0,-0.227,-2.22,adPrice,2006-10-30
709,KDC2006-10-27,KDC,10.209,10.209,10.268,10.209,7.772,35880,0.0,0.0,0.0,0.0,0.0,adPrice,2006-10-27
710,KDC2006-10-26,KDC,10.151,10.209,10.209,10.151,7.772,24700,0.0,0.0,0.0,0.227,2.27,adPrice,2006-10-26
711,KDC2006-10-25,KDC,9.982,9.982,9.982,9.982,7.599,47470,0.0,0.0,0.0,0.159,1.62,adPrice,2006-10-25
712,KDC2006-10-24,KDC,9.823,9.823,9.879,9.823,7.477,60100,0.0,0.0,0.0,0.0,0.0,adPrice,2006-10-24
713,KDC2006-10-23,KDC,9.708,9.823,9.823,9.708,7.477,48180,0.0,0.0,0.0,0.115,1.18,adPrice,2006-10-23
714,KDC2006-10-20,KDC,9.596,9.708,9.708,9.596,7.392,52510,0.0,0.0,0.0,0.337,3.6,adPrice,2006-10-20
715,KDC2006-10-19,KDC,9.256,9.371,9.371,9.256,7.133,14070,0.0,0.0,0.0,0.169,1.84,adPrice,2006-10-19
716,KDC2006-10-18,KDC,9.03,9.202,9.202,9.03,7.004,12310,0.0,0.0,0.0,0.172,1.9,adPrice,2006-10-18
717,KDC2006-10-17,KDC,9.03,9.03,9.03,9.03,6.876,11650,0.0,0.0,0.0,0.0,0.0,adPrice,2006-10-17
718,KDC2006-10-16,KDC,9.03,9.03,9.03,8.974,6.876,4490,0.0,0.0,0.0,0.0,0.0,adPrice,2006-10-16
719,KDC2006-10-13,KDC,9.145,9.03,9.145,9.03,6.876,5530,0.0,0.0,0.0,-0.115,-1.26,adPrice,2006-10-13
720,KDC2006-10-12,KDC,9.033,9.145,9.145,9.033,6.963,1080,0.0,0.0,0.0,0.115,1.27,adPrice,2006-10-12
721,KDC2006-10-11,KDC,9.03,9.03,9.03,9.03,6.876,7370,0.0,0.0,0.0,-0.226,-2.44,adPrice,2006-10-11
722,KDC2006-10-10,KDC,9.481,9.256,9.481,9.256,7.047,3190,0.0,0.0,0.0,-0.225,-2.37,adPrice,2006-10-10
723,KDC2006-10-09,KDC,9.311,9.481,9.481,9.311,7.22,2590,0.0,0.0,0.0,0.17,1.83,adPrice,2006-10-09
724,KDC2006-10-06,KDC,9.371,9.311,9.371,9.256,7.092,2820,0.0,0.0,0.0,-0.06,-0.64,adPrice,2006-10-06
725,KDC2006-10-05,KDC,9.653,9.371,9.653,9.371,7.133,5270,0.0,0.0,0.0,-0.282,-2.92,adPrice,2006-10-05
726,KDC2006-10-04,KDC,9.543,9.653,9.653,9.543,7.348,17570,0.0,0.0,0.0,0.172,1.81,adPrice,2006-10-04
727,KDC2006-10-03,KDC,9.481,9.481,9.481,9.481,7.22,5650,0.0,0.0,0.0,0.0,0.0,adPrice,2006-10-03
728,KDC2006-10-02,KDC,9.371,9.481,9.481,9.371,7.22,9540,0.0,0.0,0.0,0.11,1.17,adPrice,2006-10-02
729,KDC2006-09-29,KDC,9.311,9.371,9.481,9.311,7.133,42470,0.0,0.0,0.0,0.115,1.24,adPrice,2006-09-29
730,KDC2006-09-28,KDC,9.256,9.256,9.311,9.256,7.047,11700,0.0,0.0,0.0,0.0,0.0,adPrice,2006-09-28
731,KDC2006-09-27,KDC,9.256,9.256,9.256,9.145,7.047,10990,0.0,0.0,0.0,0.0,0.0,adPrice,2006-09-27
732,KDC2006-09-26,KDC,9.03,9.256,9.256,9.03,7.047,12330,0.0,0.0,0.0,0.226,2.5,adPrice,2006-09-26
733,KDC2006-09-25,KDC,9.03,9.03,9.145,9.03,6.876,7550,0.0,0.0,0.0,0.0,0.0,adPrice,2006-09-25
734,KDC2006-09-22,KDC,9.03,9.03,9.089,9.03,6.876,3350,0.0,0.0,0.0,-0.059,-0.65,adPrice,2006-09-22
735,KDC2006-09-21,KDC,9.033,9.089,9.089,9.033,6.919,3950,0.0,0.0,0.0,0.059,0.65,adPrice,2006-09-21
736,KDC2006-09-20,KDC,9.03,9.03,9.03,9.03,6.876,4230,0.0,0.0,0.0,0.0,0.0,adPrice,2006-09-20
737,KDC2006-09-19,KDC,9.03,9.03,9.03,9.03,6.876,5860,0.0,0.0,0.0,0.111,1.24,adPrice,2006-09-19
738,KDC2006-09-18,KDC,8.919,8.919,9.03,8.919,6.789,3880,0.0,0.0,0.0,0.0,0.0,adPrice,2006-09-18
739,KDC2006-09-15,KDC,8.919,8.919,9.03,8.919,6.789,9100,0.0,0.0,0.0,0.0,0.0,adPrice,2006-09-15
740,KDC2006-09-14,KDC,9.03,8.919,9.145,8.919,6.789,1520,0.0,0.0,0.0,-0.226,-2.47,adPrice,2006-09-14
741,KDC2006-09-13,KDC,9.145,9.145,9.256,9.145,6.963,2050,0.0,0.0,0.0,0.171,1.91,adPrice,2006-09-13
742,KDC2006-09-12,KDC,8.974,8.974,9.03,8.919,6.832,1240,0.0,0.0,0.0,-0.056,-0.62,adPrice,2006-09-12
743,KDC2006-09-11,KDC,9.03,9.03,9.03,9.03,6.876,3700,0.0,0.0,0.0,0.0,0.0,adPrice,2006-09-11
744,KDC2006-09-08,KDC,9.03,9.03,9.03,8.974,6.876,10500,0.0,0.0,0.0,-0.059,-0.65,adPrice,2006-09-08
745,KDC2006-09-07,KDC,9.145,9.089,9.145,9.089,6.919,3820,0.0,0.0,0.0,-0.282,-3.01,adPrice,2006-09-07
746,KDC2006-09-06,KDC,9.371,9.371,9.371,9.371,7.133,7570,0.0,0.0,0.0,0.0,0.0,adPrice,2006-09-06
747,KDC2006-09-05,KDC,9.03,9.371,9.371,9.03,7.133,12550,0.0,0.0,0.0,0.397,4.42,adPrice,2006-09-05
748,KDC2006-09-01,KDC,8.919,8.974,8.974,8.919,6.832,8000,0.0,0.0,0.0,0.055,0.62,adPrice,2006-09-01
749,KDC2006-08-31,KDC,8.974,8.919,8.974,8.919,6.789,3580,0.0,0.0,0.0,-0.055,-0.61,adPrice,2006-08-31
750,KDC2006-08-30,KDC,8.974,8.974,9.03,8.974,6.832,5740,0.0,0.0,0.0,0.0,0.0,adPrice,2006-08-30
751,KDC2006-08-29,KDC,8.919,8.974,8.974,8.919,6.832,14320,0.0,0.0,0.0,0.055,0.62,adPrice,2006-08-29
752,KDC2006-08-28,KDC,8.919,8.919,8.919,8.919,6.789,2230,0.0,0.0,0.0,0.0,0.0,adPrice,2006-08-28
753,KDC2006-08-25,KDC,8.919,8.919,8.919,8.919,6.789,1570,0.0,0.0,0.0,0.0,0.0,adPrice,2006-08-25
754,KDC2006-08-24,KDC,8.919,8.919,8.919,8.803,6.789,19050,0.0,0.0,0.0,0.0,0.0,adPrice,2006-08-24
755,KDC2006-08-23,KDC,8.803,8.919,8.919,8.803,6.789,19140,0.0,0.0,0.0,0.116,1.32,adPrice,2006-08-23
756,KDC2006-08-22,KDC,9.03,8.803,9.03,8.803,6.704,2250,0.0,0.0,0.0,-0.227,-2.51,adPrice,2006-08-22
757,KDC2006-08-21,KDC,9.03,9.03,9.03,9.03,6.876,30740,0.0,0.0,0.0,0.0,0.0,adPrice,2006-08-21
758,KDC2006-08-18,KDC,9.03,9.03,9.145,9.03,6.876,15330,0.0,0.0,0.0,0.0,0.0,adPrice,2006-08-18
759,KDC2006-08-17,KDC,9.03,9.03,9.315,9.03,6.876,18210,0.0,0.0,0.0,0.111,1.24,adPrice,2006-08-17
760,KDC2006-08-16,KDC,8.749,8.919,8.919,8.749,6.789,8030,0.0,0.0,0.0,0.17,1.94,adPrice,2006-08-16
761,KDC2006-08-15,KDC,8.749,8.749,9.03,8.749,6.662,5170,0.0,0.0,0.0,0.0,0.0,adPrice,2006-08-15
762,KDC2006-08-14,KDC,8.579,8.749,8.749,8.579,6.662,8850,0.0,0.0,0.0,0.397,4.75,adPrice,2006-08-14
763,KDC2006-08-11,KDC,8.127,8.352,8.352,8.127,6.36,20940,0.0,0.0,0.0,0.392,4.92,adPrice,2006-08-11
764,KDC2006-08-10,KDC,7.96,7.96,8.072,7.96,6.058,1980,0.0,0.0,0.0,0.056,0.71,adPrice,2006-08-10
765,KDC2006-08-09,KDC,7.904,7.904,7.96,7.904,6.016,4250,0.0,0.0,0.0,0.0,0.0,adPrice,2006-08-09
766,KDC2006-08-08,KDC,7.96,7.904,8.185,7.789,6.016,5310,0.0,0.0,0.0,-0.056,-0.7,adPrice,2006-08-08
767,KDC2006-08-07,KDC,7.96,7.96,7.96,7.96,6.058,9420,0.0,0.0,0.0,0.226,2.92,adPrice,2006-08-07
768,KDC2006-08-04,KDC,7.734,7.734,7.734,7.734,5.887,18120,0.0,0.0,0.0,0.34,4.6,adPrice,2006-08-04
769,KDC2006-08-03,KDC,7.111,7.394,7.394,7.111,5.629,6800,0.0,0.0,0.0,0.283,3.98,adPrice,2006-08-03
770,KDC2006-08-02,KDC,7.111,7.111,7.111,7.111,5.414,11270,0.0,0.0,0.0,-0.34,-4.56,adPrice,2006-08-02
771,KDC2006-08-01,KDC,7.564,7.451,7.564,7.451,5.673,6380,0.0,0.0,0.0,-0.338,-4.34,adPrice,2006-08-01
772,KDC2006-07-31,KDC,8.014,7.789,8.014,7.789,5.93,6790,0.0,0.0,0.0,-0.225,-2.81,adPrice,2006-07-31
773,KDC2006-07-28,KDC,8.014,8.014,8.014,8.014,6.103,3610,0.0,0.0,0.0,0.11,1.39,adPrice,2006-07-28
774,KDC2006-07-27,KDC,7.734,7.904,7.904,7.734,6.016,8040,0.0,0.0,0.0,0.17,2.2,adPrice,2006-07-27
775,KDC2006-07-26,KDC,7.734,7.734,8.014,7.734,5.887,1720,0.0,0.0,0.0,0.0,0.0,adPrice,2006-07-26
776,KDC2006-07-25,KDC,7.734,7.734,7.734,7.734,5.887,1610,0.0,0.0,0.0,-0.396,-4.87,adPrice,2006-07-25
777,KDC2006-07-24,KDC,8.295,8.13,8.295,8.13,6.188,4370,0.0,0.0,0.0,-0.222,-2.66,adPrice,2006-07-24
778,KDC2006-07-21,KDC,8.467,8.352,8.467,8.295,6.36,2660,0.0,0.0,0.0,-0.227,-2.65,adPrice,2006-07-21
779,KDC2006-07-20,KDC,8.185,8.579,8.579,7.904,6.531,1810,0.0,0.0,0.0,0.394,4.81,adPrice,2006-07-20
780,KDC2006-07-19,KDC,8.24,8.185,8.24,8.185,6.231,6280,0.0,0.0,0.0,-0.338,-3.97,adPrice,2006-07-19
781,KDC2006-07-18,KDC,8.803,8.523,8.803,8.523,6.487,2430,0.0,0.0,0.0,-0.28,-3.18,adPrice,2006-07-18
782,KDC2006-07-17,KDC,8.919,8.803,8.919,8.803,6.704,1220,0.0,0.0,0.0,-0.116,-1.3,adPrice,2006-07-17
783,KDC2006-07-14,KDC,8.919,8.919,8.919,8.863,6.789,2230,0.0,0.0,0.0,0.0,0.0,adPrice,2006-07-14
784,KDC2006-07-13,KDC,8.919,8.919,8.919,8.863,6.789,3980,0.0,0.0,0.0,-0.055,-0.61,adPrice,2006-07-13
785,KDC2006-07-12,KDC,9.03,8.974,9.03,8.974,6.832,2110,0.0,0.0,0.0,-0.056,-0.62,adPrice,2006-07-12
786,KDC2006-07-11,KDC,9.089,9.03,9.089,9.03,6.876,2540,0.0,0.0,0.0,-0.059,-0.65,adPrice,2006-07-11
787,KDC2006-07-10,KDC,9.033,9.089,9.089,9.033,6.919,14330,0.0,0.0,0.0,0.059,0.65,adPrice,2006-07-10
788,KDC2006-07-07,KDC,9.03,9.03,9.03,9.03,6.876,17150,0.0,0.0,0.0,0.0,0.0,adPrice,2006-07-07
789,KDC2006-07-06,KDC,9.089,9.03,9.089,9.03,6.876,870,0.0,0.0,0.0,-0.059,-0.65,adPrice,2006-07-06
790,KDC2006-07-05,KDC,9.089,9.089,9.089,8.749,6.919,3140,0.0,0.0,0.0,-0.113,-1.23,adPrice,2006-07-05
791,KDC2006-07-04,KDC,9.202,9.202,9.202,9.202,7.004,3620,0.0,0.0,0.0,-0.279,-2.94,adPrice,2006-07-04
792,KDC2006-07-03,KDC,9.481,9.481,9.481,9.481,7.22,13350,0.0,0.0,0.0,-0.453,-4.56,adPrice,2006-07-03
793,KDC2006-06-30,KDC,9.481,9.934,9.934,9.145,7.564,81820,0.0,0.0,0.0,0.453,4.78,adPrice,2006-06-30
794,KDC2006-06-29,KDC,9.089,9.481,9.481,8.974,7.22,33050,0.0,0.0,0.0,0.392,4.31,adPrice,2006-06-29
795,KDC2006-06-28,KDC,9.089,9.089,9.089,9.033,6.919,16050,0.0,0.0,0.0,0.0,0.0,adPrice,2006-06-28
796,KDC2006-06-27,KDC,9.089,9.089,9.089,8.974,6.919,12400,0.0,0.0,0.0,0.0,0.0,adPrice,2006-06-27
797,KDC2006-06-26,KDC,9.089,9.089,9.089,8.974,6.919,15800,0.0,0.0,0.0,0.0,0.0,adPrice,2006-06-26
798,KDC2006-06-23,KDC,8.974,9.089,9.089,8.863,6.919,11990,0.0,0.0,0.0,0.115,1.28,adPrice,2006-06-23
799,KDC2006-06-22,KDC,8.919,8.974,8.974,8.919,6.832,7980,0.0,0.0,0.0,0.395,4.6,adPrice,2006-06-22
800,KDC2006-06-21,KDC,8.692,8.579,8.692,8.579,6.531,2840,0.0,0.0,0.0,-0.34,-3.81,adPrice,2006-06-21
801,KDC2006-06-20,KDC,9.03,8.919,9.03,8.919,6.789,9490,0.0,0.0,0.0,-0.111,-1.23,adPrice,2006-06-20
802,KDC2006-06-19,KDC,9.03,9.03,9.03,9.03,6.876,6990,0.0,0.0,0.0,0.111,1.24,adPrice,2006-06-19
803,KDC2006-06-16,KDC,9.089,8.919,9.089,8.863,6.789,3280,0.0,0.0,0.0,-0.226,-2.47,adPrice,2006-06-16
804,KDC2006-06-15,KDC,9.145,9.145,9.145,9.145,6.963,700,0.0,0.0,0.0,0.0,0.0,adPrice,2006-06-15
805,KDC2006-06-14,KDC,9.145,9.145,9.145,9.145,6.963,1200,0.0,0.0,0.0,0.0,0.0,adPrice,2006-06-14
806,KDC2006-06-13,KDC,9.202,9.145,9.202,9.145,6.963,1770,0.0,0.0,0.0,-0.057,-0.62,adPrice,2006-06-13
807,KDC2006-06-12,KDC,9.202,9.202,9.371,9.202,7.004,1800,0.0,0.0,0.0,0.057,0.62,adPrice,2006-06-12
808,KDC2006-06-09,KDC,9.145,9.145,9.145,9.145,6.963,10710,0.0,0.0,0.0,-0.111,-1.2,adPrice,2006-06-09
809,KDC2006-06-08,KDC,9.256,9.256,9.256,9.145,7.047,2540,0.0,0.0,0.0,0.0,0.0,adPrice,2006-06-08
810,KDC2006-06-07,KDC,9.311,9.256,9.311,9.256,7.047,6600,0.0,0.0,0.0,-0.115,-1.23,adPrice,2006-06-07
811,KDC2006-06-06,KDC,9.371,9.371,9.481,9.371,7.133,17000,0.0,0.0,0.0,0.0,0.0,adPrice,2006-06-06
812,KDC2006-06-05,KDC,9.311,9.371,9.371,9.311,7.133,9900,0.0,0.0,0.0,0.226,2.47,adPrice,2006-06-05
813,KDC2006-06-02,KDC,9.145,9.145,9.145,9.145,6.963,4230,0.0,0.0,0.0,0.0,0.0,adPrice,2006-06-02
814,KDC2006-06-01,KDC,9.481,9.145,9.481,9.145,6.963,1510,0.0,0.0,0.0,-0.336,-3.54,adPrice,2006-06-01
815,KDC2006-05-31,KDC,9.03,9.481,9.481,8.579,7.22,26630,0.0,0.0,0.0,0.451,4.99,adPrice,2006-05-31
816,KDC2006-05-30,KDC,9.03,9.03,9.03,9.03,6.876,5700,0.0,0.0,0.0,-0.226,-2.44,adPrice,2006-05-30
817,KDC2006-05-29,KDC,9.256,9.256,9.256,9.256,7.047,6100,0.0,0.0,0.0,-0.115,-1.23,adPrice,2006-05-29
818,KDC2006-05-26,KDC,9.256,9.371,9.371,9.03,7.133,6650,0.0,0.0,0.0,0.115,1.24,adPrice,2006-05-26
819,KDC2006-05-25,KDC,9.481,9.256,9.596,9.256,7.047,12280,0.0,0.0,0.0,-0.225,-2.37,adPrice,2006-05-25
820,KDC2006-05-24,KDC,9.03,9.481,9.481,9.03,7.22,9650,0.0,0.0,0.0,0.451,4.99,adPrice,2006-05-24
821,KDC2006-05-23,KDC,9.256,9.03,9.256,9.03,6.876,9870,0.0,0.0,0.0,-0.226,-2.44,adPrice,2006-05-23
822,KDC2006-05-22,KDC,9.256,9.256,9.256,9.145,7.047,13950,0.0,0.0,0.0,0.226,2.5,adPrice,2006-05-22
823,KDC2006-05-19,KDC,9.03,9.03,9.03,9.03,6.875,26530,0.0,0.0,0.0,0.0,0.0,adPrice,2006-05-19
824,KDC2006-05-18,KDC,9.129,9.03,9.129,9.03,6.875,12120,0.0,0.0,0.0,-0.095,-1.04,adPrice,2006-05-18
825,KDC2006-05-17,KDC,9.125,9.125,9.125,9.125,6.949,28030,0.0,0.0,0.0,0.421,4.84,adPrice,2006-05-17
826,KDC2006-05-16,KDC,9.079,8.704,9.079,8.704,6.626,37220,0.0,0.0,0.0,-0.375,-4.13,adPrice,2006-05-16
827,KDC2006-05-15,KDC,9.079,9.079,9.079,9.079,6.912,41030,0.0,0.0,0.0,0.425,4.91,adPrice,2006-05-15
828,KDC2006-05-12,KDC,8.654,8.654,8.654,8.654,6.59,19310,0.0,0.0,0.0,0.375,4.53,adPrice,2006-05-12
829,KDC2006-05-11,KDC,7.904,8.279,8.279,7.904,6.303,23940,0.0,0.0,0.0,0.375,4.74,adPrice,2006-05-11
830,KDC2006-05-10,KDC,7.904,7.904,7.904,7.904,6.016,21030,0.0,0.0,0.0,-0.375,-4.53,adPrice,2006-05-10
831,KDC2006-05-09,KDC,8.279,8.279,8.279,8.279,6.303,3060,0.0,0.0,0.0,-0.425,-4.88,adPrice,2006-05-09
832,KDC2006-05-08,KDC,8.704,8.704,8.704,8.704,6.626,7970,0.0,0.0,0.0,-0.421,-4.61,adPrice,2006-05-08
833,KDC2006-05-05,KDC,9.125,9.125,9.125,8.937,6.949,8800,0.0,0.0,0.0,0.0,0.0,adPrice,2006-05-05
834,KDC2006-05-04,KDC,9.267,9.125,9.267,9.125,6.949,11140,0.0,0.0,0.0,-0.142,-1.53,adPrice,2006-05-04
835,KDC2006-05-03,KDC,9.267,9.267,9.503,9.267,7.056,1920,0.0,0.0,0.0,0.142,1.56,adPrice,2006-05-03
836,KDC2006-04-28,KDC,9.03,9.125,9.125,8.606,6.949,25560,0.0,0.0,0.0,0.095,1.05,adPrice,2006-04-28
837,KDC2006-04-27,KDC,9.222,9.03,9.222,9.03,6.875,3680,0.0,0.0,0.0,-0.47,-4.95,adPrice,2006-04-27
838,KDC2006-04-26,KDC,9.596,9.5,9.596,9.5,7.233,8100,0.0,0.0,0.0,-0.096,-1.0,adPrice,2006-04-26
839,KDC2006-04-25,KDC,9.596,9.596,9.596,9.596,7.306,19420,0.0,0.0,0.0,0.096,1.01,adPrice,2006-04-25
840,KDC2006-04-24,KDC,9.5,9.5,9.596,9.5,7.233,19650,0.0,0.0,0.0,0.328,3.58,adPrice,2006-04-24
841,KDC2006-04-21,KDC,8.843,9.172,9.172,8.843,6.983,20630,0.0,0.0,0.0,0.329,3.72,adPrice,2006-04-21
842,KDC2006-04-20,KDC,8.843,8.843,8.843,8.843,6.734,13000,0.0,0.0,0.0,0.0,0.0,adPrice,2006-04-20
843,KDC2006-04-19,KDC,8.843,8.843,8.843,8.843,6.734,8850,0.0,0.0,0.0,0.0,0.0,adPrice,2006-04-19
844,KDC2006-04-18,KDC,8.467,8.843,8.843,8.467,6.734,24710,0.0,0.0,0.0,0.376,4.44,adPrice,2006-04-18
845,KDC2006-04-17,KDC,8.467,8.467,8.467,8.467,6.447,14660,0.0,0.0,0.0,0.049,0.58,adPrice,2006-04-17
846,KDC2006-04-14,KDC,8.373,8.418,8.418,8.373,6.409,9500,0.0,0.0,0.0,0.139,1.68,adPrice,2006-04-14
847,KDC2006-04-13,KDC,8.185,8.279,8.279,8.185,6.303,14930,0.0,0.0,0.0,0.094,1.15,adPrice,2006-04-13
848,KDC2006-04-12,KDC,8.092,8.185,8.185,8.092,6.231,12010,0.0,0.0,0.0,0.093,1.15,adPrice,2006-04-12
849,KDC2006-04-11,KDC,8.185,8.092,8.185,8.092,6.16,14380,0.0,0.0,0.0,-0.187,-2.26,adPrice,2006-04-11
850,KDC2006-04-10,KDC,8.279,8.279,8.418,8.279,6.303,23970,0.0,0.0,0.0,0.0,0.0,adPrice,2006-04-10
851,KDC2006-04-07,KDC,8.279,8.279,8.279,8.279,6.303,12260,0.0,0.0,0.0,0.0,0.0,adPrice,2006-04-07
852,KDC2006-04-06,KDC,8.279,8.279,8.279,8.279,6.303,19770,0.0,0.0,0.0,0.187,2.31,adPrice,2006-04-06
853,KDC2006-04-05,KDC,8.092,8.092,8.092,8.092,6.16,16060,0.0,0.0,0.0,0.0,0.0,adPrice,2006-04-05
854,KDC2006-04-04,KDC,8.092,8.092,8.373,8.092,6.16,23950,0.0,0.0,0.0,0.0,0.0,adPrice,2006-04-04
855,KDC2006-04-03,KDC,8.092,8.092,8.092,8.092,6.16,37340,0.0,0.0,0.0,0.0,0.0,adPrice,2006-04-03
856,KDC2006-03-31,KDC,7.717,7.717,7.717,7.717,5.873,25930,0.0,0.0,0.0,0.099,1.3,adPrice,2006-03-31
857,KDC2006-03-30,KDC,7.618,7.618,7.713,7.618,5.801,22470,0.0,0.0,0.0,0.044,0.58,adPrice,2006-03-30
858,KDC2006-03-29,KDC,7.618,7.574,7.81,7.574,5.765,15460,0.0,0.0,0.0,-0.044,-0.58,adPrice,2006-03-29
859,KDC2006-03-28,KDC,7.618,7.618,7.713,7.618,5.801,14900,0.0,0.0,0.0,0.093,1.24,adPrice,2006-03-28
860,KDC2006-03-27,KDC,7.339,7.525,7.525,7.339,5.731,17720,0.0,0.0,0.0,0.281,3.88,adPrice,2006-03-27
861,KDC2006-03-24,KDC,7.244,7.244,7.244,7.199,5.515,10680,0.0,0.0,0.0,-0.095,-1.29,adPrice,2006-03-24
862,KDC2006-03-23,KDC,7.339,7.339,7.339,7.339,5.585,29940,0.0,0.0,0.0,-0.186,-2.47,adPrice,2006-03-23
863,KDC2006-03-22,KDC,7.623,7.525,7.623,7.525,5.731,44050,0.0,0.0,0.0,-0.093,-1.22,adPrice,2006-03-22
864,KDC2006-03-21,KDC,7.618,7.618,7.618,7.618,5.801,65790,0.0,0.0,0.0,0.326,4.47,adPrice,2006-03-21
865,KDC2006-03-20,KDC,7.292,7.292,7.292,7.292,5.551,56110,0.0,0.0,0.0,0.329,4.72,adPrice,2006-03-20
866,KDC2006-03-17,KDC,6.868,6.963,6.963,6.868,5.3,22750,0.0,0.0,0.0,0.332,5.01,adPrice,2006-03-17
867,KDC2006-03-16,KDC,6.492,6.631,6.631,6.492,5.049,34170,0.0,0.0,0.0,0.186,2.89,adPrice,2006-03-16
868,KDC2006-03-15,KDC,6.445,6.445,6.492,6.445,4.906,44570,0.0,0.0,0.0,0.233,3.75,adPrice,2006-03-15
869,KDC2006-03-14,KDC,6.212,6.212,6.212,6.212,4.726,16850,0.0,0.0,0.0,0.098,1.6,adPrice,2006-03-14
870,KDC2006-03-13,KDC,6.114,6.114,6.114,6.114,4.656,30000,0.0,0.0,0.0,0.168,2.83,adPrice,2006-03-13
871,KDC2006-03-10,KDC,5.804,5.946,5.946,5.804,4.527,31590,0.0,0.0,0.0,0.232,4.06,adPrice,2006-03-10
872,KDC2006-03-09,KDC,5.574,5.714,5.714,5.574,4.35,19910,0.0,0.0,0.0,0.14,2.51,adPrice,2006-03-09
873,KDC2006-03-08,KDC,5.621,5.574,5.621,5.574,4.244,23670,0.0,0.0,0.0,-0.092,-1.62,adPrice,2006-03-08
874,KDC2006-03-07,KDC,5.574,5.666,5.666,5.574,4.315,61950,0.0,0.0,0.0,0.14,2.53,adPrice,2006-03-07
875,KDC2006-03-06,KDC,5.48,5.526,5.526,5.48,4.208,33150,0.0,0.0,0.0,0.233,4.4,adPrice,2006-03-06
876,KDC2006-03-03,KDC,5.574,5.293,5.666,5.293,4.031,24270,0.0,0.0,0.0,-0.281,-5.04,adPrice,2006-03-03
877,KDC2006-03-02,KDC,5.48,5.574,5.574,5.48,4.244,49500,0.0,0.0,0.0,0.185,3.43,adPrice,2006-03-02
878,KDC2006-03-01,KDC,5.204,5.389,5.389,5.204,4.103,20840,0.0,0.0,0.0,0.235,4.56,adPrice,2006-03-01
879,KDC2006-02-28,KDC,5.154,5.154,5.204,5.154,3.926,22640,0.0,0.0,0.0,0.0,0.0,adPrice,2006-02-28
880,KDC2006-02-27,KDC,5.154,5.154,5.154,5.154,3.926,22660,0.0,0.0,0.0,0.0,0.0,adPrice,2006-02-27
881,KDC2006-02-24,KDC,5.154,5.154,5.154,5.154,3.926,17780,0.0,0.0,0.0,0.09,1.78,adPrice,2006-02-24
882,KDC2006-02-23,KDC,5.064,5.064,5.064,5.064,3.855,5550,0.0,0.0,0.0,0.0,0.0,adPrice,2006-02-23
883,KDC2006-02-22,KDC,5.248,5.064,5.248,5.064,3.855,5770,0.0,0.0,0.0,-0.184,-3.51,adPrice,2006-02-22
884,KDC2006-02-21,KDC,5.248,5.248,5.248,5.248,3.996,13830,0.0,0.0,0.0,0.0,0.0,adPrice,2006-02-21
885,KDC2006-02-20,KDC,5.109,5.248,5.248,5.109,3.996,13090,0.0,0.0,0.0,0.184,3.63,adPrice,2006-02-20
886,KDC2006-02-17,KDC,5.064,5.064,5.064,5.064,3.855,13130,0.0,0.0,0.0,0.048,0.96,adPrice,2006-02-17
887,KDC2006-02-16,KDC,5.016,5.016,5.016,5.016,3.82,13270,0.0,0.0,0.0,0.0,0.0,adPrice,2006-02-16
888,KDC2006-02-15,KDC,4.97,5.016,5.016,4.97,3.82,19200,0.0,0.0,0.0,0.046,0.93,adPrice,2006-02-15
889,KDC2006-02-14,KDC,5.016,4.97,5.016,4.97,3.784,8460,0.0,0.0,0.0,-0.046,-0.92,adPrice,2006-02-14
890,KDC2006-02-13,KDC,5.016,5.016,5.016,5.016,3.82,12250,0.0,0.0,0.0,0.0,0.0,adPrice,2006-02-13
891,KDC2006-02-10,KDC,5.016,5.016,5.016,5.016,3.82,2850,0.0,0.0,0.0,0.0,0.0,adPrice,2006-02-10
892,KDC2006-02-09,KDC,5.016,5.016,5.016,5.016,3.82,6300,0.0,0.0,0.0,0.0,0.0,adPrice,2006-02-09
893,KDC2006-02-08,KDC,5.016,5.016,5.016,5.016,3.82,10030,0.0,0.0,0.0,0.0,0.0,adPrice,2006-02-08
894,KDC2006-02-07,KDC,5.016,5.016,5.016,5.016,3.82,10950,0.0,0.0,0.0,0.046,0.93,adPrice,2006-02-07
895,KDC2006-02-06,KDC,5.016,4.97,5.016,4.97,3.784,4610,0.0,0.0,0.0,-0.046,-0.92,adPrice,2006-02-06
896,KDC2006-01-27,KDC,5.016,5.016,5.016,5.016,3.82,9640,0.0,0.0,0.0,0.0,0.0,adPrice,2006-01-27
897,KDC2006-01-26,KDC,5.016,5.016,5.016,5.016,3.82,3010,0.0,0.0,0.0,0.0,0.0,adPrice,2006-01-26
898,KDC2006-01-25,KDC,4.925,5.016,5.016,4.925,3.82,2110,0.0,0.0,0.0,0.091,1.85,adPrice,2006-01-25
899,KDC2006-01-24,KDC,4.925,4.925,4.925,4.925,3.749,2100,0.0,0.0,0.0,0.0,0.0,adPrice,2006-01-24
900,KDC2006-01-23,KDC,4.925,4.925,4.97,4.925,3.749,7530,0.0,0.0,0.0,-0.045,-0.91,adPrice,2006-01-23
901,KDC2006-01-20,KDC,4.97,4.97,4.97,4.97,3.784,9300,0.0,0.0,0.0,0.045,0.91,adPrice,2006-01-20
902,KDC2006-01-19,KDC,4.97,4.925,4.97,4.925,3.749,5320,0.0,0.0,0.0,-0.045,-0.91,adPrice,2006-01-19
903,KDC2006-01-18,KDC,4.97,4.97,4.97,4.97,3.784,7000,0.0,0.0,0.0,0.045,0.91,adPrice,2006-01-18
904,KDC2006-01-17,KDC,4.925,4.925,4.925,4.925,3.749,8030,0.0,0.0,0.0,0.0,0.0,adPrice,2006-01-17
905,KDC2006-01-13,KDC,4.875,4.925,4.925,4.875,3.749,15130,0.0,0.0,0.0,0.05,1.03,adPrice,2006-01-13
906,KDC2006-01-12,KDC,4.875,4.875,4.875,4.875,3.713,9220,0.0,0.0,0.0,-0.05,-1.02,adPrice,2006-01-12
907,KDC2006-01-11,KDC,4.97,4.925,4.97,4.925,3.749,6850,0.0,0.0,0.0,-0.045,-0.91,adPrice,2006-01-11
908,KDC2006-01-10,KDC,4.97,4.97,4.97,4.97,3.784,3450,0.0,0.0,0.0,0.0,0.0,adPrice,2006-01-10
909,KDC2006-01-09,KDC,4.97,4.97,5.016,4.97,3.784,2010,0.0,0.0,0.0,0.0,0.0,adPrice,2006-01-09
910,KDC2006-01-06,KDC,4.97,4.97,4.97,4.97,3.784,7220,0.0,0.0,0.0,0.0,0.0,adPrice,2006-01-06
911,KDC2006-01-05,KDC,4.925,4.97,4.97,4.925,3.784,10600,0.0,0.0,0.0,0.045,0.91,adPrice,2006-01-05
912,KDC2006-01-04,KDC,4.925,4.925,4.925,4.925,3.749,16220,0.0,0.0,0.0,0.0,0.0,adPrice,2006-01-04
913,KDC2006-01-03,KDC,4.925,4.925,5.016,4.925,3.749,1000,0.0,0.0,0.0,-0.091,-1.81,adPrice,2006-01-03
