,ACB,BCM,BHN,BID,BVH,CTG,DXG,EIB,FPT,GAS,GEX,GVR,HCM,HDB,HPG,HSG,HVN,KBC,KDC,KDH,LPB,MBB,MSB,MSN,MWG,NVL,OCB,PDR,PLX,PNJ,POW,REE,SAB,SHP,SSB,SSI,STB,TCB,TPB,VCB,VCG,VCI,VGC,VHM,VIB,VIC,VJC,VNM,VPB,VRE,^VNINDEX
2002-09-30,0.0,0.0,0.0,0.0,0.0,0.0,0.0,0.0,0.0,0.0,0.0,0.0,0.0,0.0,0.0,0.0,0.0,0.0,0.0,0.0,0.0,0.0,0.0,0.0,0.0,0.0,0.0,0.0,0.0,0.0,0.0,0.0,0.0,0.0,0.0,0.0,0.0,0.0,0.0,0.0,0.0,0.0,0.0,0.0,0.0,0.0,0.0,0.0,0.0,0.0,1.0000000000000004
2002-10-31,0.0,0.0,0.0,0.0,0.0,0.0,0.0,0.0,0.0,0.0,0.0,0.0,0.0,0.0,0.0,0.0,0.0,0.0,0.0,0.0,0.0,0.0,0.0,0.0,0.0,0.0,0.0,0.0,0.0,0.0,0.0,0.0,0.0,0.0,0.0,0.0,0.0,0.0,0.0,0.0,0.0,0.0,0.0,0.0,0.0,0.0,0.0,0.0,0.0,0.0,1.0000000000000007
2002-12-31,0.0,0.0,0.0,0.0,0.0,0.0,0.0,0.0,0.0,0.0,0.0,0.0,0.0,0.0,0.0,0.0,0.0,0.0,0.0,0.0,0.0,0.0,0.0,0.0,0.0,0.0,0.0,0.0,0.0,0.0,0.0,0.0,0.0,0.0,0.0,0.0,0.0,0.0,0.0,0.0,0.0,0.0,0.0,0.0,0.0,0.0,0.0,0.0,0.0,0.0,1.0
2003-02-28,0.0,0.0,0.0,0.0,0.0,0.0,0.0,0.0,0.0,0.0,0.0,0.0,0.0,0.0,0.0,0.0,0.0,0.0,0.0,0.0,0.0,0.0,0.0,0.0,0.0,0.0,0.0,0.0,0.0,0.0,0.0,0.0,0.0,0.0,0.0,0.0,0.0,0.0,0.0,0.0,0.0,0.0,0.0,0.0,0.0,0.0,0.0,0.0,0.0,0.0,1.0
2003-03-31,0.0,0.0,0.0,0.0,0.0,0.0,0.0,0.0,0.0,0.0,0.0,0.0,0.0,0.0,0.0,0.0,0.0,0.0,0.0,0.0,0.0,0.0,0.0,0.0,0.0,0.0,0.0,0.0,0.0,0.0,0.0,0.0,0.0,0.0,0.0,0.0,0.0,0.0,0.0,0.0,0.0,0.0,0.0,0.0,0.0,0.0,0.0,0.0,0.0,0.0,1.0
2003-06-30,0.0,0.0,0.0,0.0,0.0,0.0,0.0,0.0,0.0,0.0,0.0,0.0,0.0,0.0,0.0,0.0,0.0,0.0,0.0,0.0,0.0,0.0,0.0,0.0,0.0,0.0,0.0,0.0,0.0,0.0,0.0,0.0,0.0,0.0,0.0,0.0,0.0,0.0,0.0,0.0,0.0,0.0,0.0,0.0,0.0,0.0,0.0,0.0,0.0,0.0,1.0000000000000004
2003-07-31,0.0,0.0,0.0,0.0,0.0,0.0,0.0,0.0,0.0,0.0,0.0,0.0,0.0,0.0,0.0,0.0,0.0,0.0,0.0,0.0,0.0,0.0,0.0,0.0,0.0,0.0,0.0,0.0,0.0,0.0,0.0,0.0,0.0,0.0,0.0,0.0,0.0,0.0,0.0,0.0,0.0,0.0,0.0,0.0,0.0,0.0,0.0,0.0,0.0,0.0,0.9999999999999998
2003-09-30,0.0,0.0,0.0,0.0,0.0,0.0,0.0,0.0,0.0,0.0,0.0,0.0,0.0,0.0,0.0,0.0,0.0,0.0,0.0,0.0,0.0,0.0,0.0,0.0,0.0,0.0,0.0,0.0,0.0,0.0,0.0,0.0,0.0,0.0,0.0,0.0,0.0,0.0,0.0,0.0,0.0,0.0,0.0,0.0,0.0,0.0,0.0,0.0,0.0,0.0,1.0
2003-10-31,0.0,0.0,0.0,0.0,0.0,0.0,0.0,0.0,0.0,0.0,0.0,0.0,0.0,0.0,0.0,0.0,0.0,0.0,0.0,0.0,0.0,0.0,0.0,0.0,0.0,0.0,0.0,0.0,0.0,0.0,0.0,0.0,0.0,0.0,0.0,0.0,0.0,0.0,0.0,0.0,0.0,0.0,0.0,0.0,0.0,0.0,0.0,0.0,0.0,0.0,1.0000000000000009
2003-12-31,0.0,0.0,0.0,0.0,0.0,0.0,0.0,0.0,0.0,0.0,0.0,0.0,0.0,0.0,0.0,0.0,0.0,0.0,0.0,0.0,0.0,0.0,0.0,0.0,0.0,0.0,0.0,0.0,0.0,0.0,0.0,0.0,0.0,0.0,0.0,0.0,0.0,0.0,0.0,0.0,0.0,0.0,0.0,0.0,0.0,0.0,0.0,0.0,0.0,0.0,1.0
2004-03-31,0.0,0.0,0.0,0.0,0.0,0.0,0.0,0.0,0.0,0.0,0.0,0.0,0.0,0.0,0.0,0.0,0.0,0.0,0.0,0.0,0.0,0.0,0.0,0.0,0.0,0.0,0.0,0.0,0.0,0.0,0.0,0.0,0.0,0.0,0.0,0.0,0.0,0.0,0.0,0.0,0.0,0.0,0.0,0.0,0.0,0.0,0.0,0.0,0.0,0.0,1.0
2004-05-31,0.0,0.0,0.0,0.0,0.0,0.0,0.0,0.0,0.0,0.0,0.0,0.0,0.0,0.0,0.0,0.0,0.0,0.0,0.0,0.0,0.0,0.0,0.0,0.0,0.0,0.0,0.0,0.0,0.0,0.0,0.0,0.0,0.0,0.0,0.0,0.0,0.0,0.0,0.0,0.0,0.0,0.0,0.0,0.0,0.0,0.0,0.0,0.0,0.0,0.0,0.9999999999999998
2004-06-30,0.0,0.0,0.0,0.0,0.0,0.0,0.0,0.0,0.0,0.0,0.0,0.0,0.0,0.0,0.0,0.0,0.0,0.0,0.0,0.0,0.0,0.0,0.0,0.0,0.0,0.0,0.0,0.0,0.0,0.0,0.0,0.0,0.0,0.0,0.0,0.0,0.0,0.0,0.0,0.0,0.0,0.0,0.0,0.0,0.0,0.0,0.0,0.0,0.0,0.0,1.0000000000000004
2004-08-31,0.0,0.0,0.0,0.0,0.0,0.0,0.0,0.0,0.0,0.0,0.0,0.0,0.0,0.0,0.0,0.0,0.0,0.0,0.0,0.0,0.0,0.0,0.0,0.0,0.0,0.0,0.0,0.0,0.0,0.0,0.0,0.0,0.0,0.0,0.0,0.0,0.0,0.0,0.0,0.0,0.0,0.0,0.0,0.0,0.0,0.0,0.0,0.0,0.0,0.0,0.9999999999999996
2004-09-30,0.0,0.0,0.0,0.0,0.0,0.0,0.0,0.0,0.0,0.0,0.0,0.0,0.0,0.0,0.0,0.0,0.0,0.0,0.0,0.0,0.0,0.0,0.0,0.0,0.0,0.0,0.0,0.0,0.0,0.0,0.0,0.0,0.0,0.0,0.0,0.0,0.0,0.0,0.0,0.0,0.0,0.0,0.0,0.0,0.0,0.0,0.0,0.0,0.0,0.0,1.0000000000000002
2004-11-30,0.0,0.0,0.0,0.0,0.0,0.0,0.0,0.0,0.0,0.0,0.0,0.0,0.0,0.0,0.0,0.0,0.0,0.0,0.0,0.0,0.0,0.0,0.0,0.0,0.0,0.0,0.0,0.0,0.0,0.0,0.0,0.0,0.0,0.0,0.0,0.0,0.0,0.0,0.0,0.0,0.0,0.0,0.0,0.0,0.0,0.0,0.0,0.0,0.0,0.0,1.0000000000000002
2004-12-31,0.0,0.0,0.0,0.0,0.0,0.0,0.0,0.0,0.0,0.0,0.0,0.0,0.0,0.0,0.0,0.0,0.0,0.0,0.0,0.0,0.0,0.0,0.0,0.0,0.0,0.0,0.0,0.0,0.0,0.0,0.0,0.0,0.0,0.0,0.0,0.0,0.0,0.0,0.0,0.0,0.0,0.0,0.0,0.0,0.0,0.0,0.0,0.0,0.0,0.0,0.9999999999999997
2005-01-31,0.0,0.0,0.0,0.0,0.0,0.0,0.0,0.0,0.0,0.0,0.0,0.0,0.0,0.0,0.0,0.0,0.0,0.0,0.0,0.0,0.0,0.0,0.0,0.0,0.0,0.0,0.0,0.0,0.0,0.0,0.0,-0.004100476376700375,0.0,0.0,0.0,0.0,0.0,0.0,0.0,0.0,0.0,0.0,0.0,0.0,0.0,0.0,0.0,0.0,0.0,0.0,1.0000000000000002
2005-02-28,0.0,0.0,0.0,0.0,0.0,0.0,0.0,0.0,0.0,0.0,0.0,0.0,0.0,0.0,0.0,0.0,0.0,0.0,0.0,0.0,0.0,0.0,0.0,0.0,0.0,0.0,0.0,0.0,0.0,0.0,0.0,-0.0053582746213668335,0.0,0.0,0.0,0.0,0.0,0.0,0.0,0.0,0.0,0.0,0.0,0.0,0.0,0.0,0.0,0.0,0.0,0.0,1.0
2005-03-31,0.0,0.0,0.0,0.0,0.0,0.0,0.0,0.0,0.0,0.0,0.0,0.0,0.0,0.0,0.0,0.0,0.0,0.0,0.0,0.0,0.0,0.0,0.0,0.0,0.0,0.0,0.0,0.0,0.0,0.0,0.0,0.0003344171372214803,0.0,0.0,0.0,0.0,0.0,0.0,0.0,0.0,0.0,0.0,0.0,0.0,0.0,0.0,0.0,0.0,0.0,0.0,0.9999999999999999
2005-05-31,0.0,0.0,0.0,0.0,0.0,0.0,0.0,0.0,0.0,0.0,0.0,0.0,0.0,0.0,0.0,0.0,0.0,0.0,0.0,0.0,0.0,0.0,0.0,0.0,0.0,0.0,0.0,0.0,0.0,0.0,0.0,0.028292219075586825,0.0,0.0,0.0,0.0,0.0,0.0,0.0,0.0,0.0,0.0,0.0,0.0,0.0,0.0,0.0,0.0,0.0,0.0,1.0000000000000016
2005-06-30,0.0,0.0,0.0,0.0,0.0,0.0,0.0,0.0,0.0,0.0,0.0,0.0,0.0,0.0,0.0,0.0,0.0,0.0,0.0,0.0,0.0,0.0,0.0,0.0,0.0,0.0,0.0,0.0,0.0,0.0,0.0,0.037938764044106225,0.0,0.0,0.0,0.0,0.0,0.0,0.0,0.0,0.0,0.0,0.0,0.0,0.0,0.0,0.0,0.0,0.0,0.0,1.0
2005-08-31,0.0,0.0,0.0,0.0,0.0,0.0,0.0,0.0,0.0,0.0,0.0,0.0,0.0,0.0,0.0,0.0,0.0,0.0,0.0,0.0,0.0,0.0,0.0,0.0,0.0,0.0,0.0,0.0,0.0,0.0,0.0,0.24410805020459242,0.0,0.0,0.0,0.0,0.0,0.0,0.0,0.0,0.0,0.0,0.0,0.0,0.0,0.0,0.0,0.0,0.0,0.0,1.0000000000000002
2005-09-30,0.0,0.0,0.0,0.0,0.0,0.0,0.0,0.0,0.0,0.0,0.0,0.0,0.0,0.0,0.0,0.0,0.0,0.0,0.0,0.0,0.0,0.0,0.0,0.0,0.0,0.0,0.0,0.0,0.0,0.0,0.0,0.4360831295963404,0.0,0.0,0.0,0.0,0.0,0.0,0.0,0.0,0.0,0.0,0.0,0.0,0.0,0.0,0.0,0.0,0.0,0.0,1.0000000000000004
2005-10-31,0.0,0.0,0.0,0.0,0.0,0.0,0.0,0.0,0.0,0.0,0.0,0.0,0.0,0.0,0.0,0.0,0.0,0.0,0.0,0.0,0.0,0.0,0.0,0.0,0.0,0.0,0.0,0.0,0.0,0.0,0.0,0.4519529245623449,0.0,0.0,0.0,0.0,0.0,0.0,0.0,0.0,0.0,0.0,0.0,0.0,0.0,0.0,0.0,0.0,0.0,0.0,0.9999999999999998
2005-11-30,0.0,0.0,0.0,0.0,0.0,0.0,0.0,0.0,0.0,0.0,0.0,0.0,0.0,0.0,0.0,0.0,0.0,0.0,0.0,0.0,0.0,0.0,0.0,0.0,0.0,0.0,0.0,0.0,0.0,0.0,0.0,0.4749445473082067,0.0,0.0,0.0,0.0,0.0,0.0,0.0,0.0,0.0,0.0,0.0,0.0,0.0,0.0,0.0,0.0,0.0,0.0,1.0000000000000002
2006-02-28,0.0,0.0,0.0,0.0,0.0,0.0,0.0,0.0,0.0,0.0,0.0,0.0,0.0,0.0,0.0,0.0,0.0,0.0,0.16014613870975994,0.0,0.0,0.0,0.0,0.0,0.0,0.0,0.0,0.0,0.0,0.0,0.0,0.6764163804321534,0.0,0.0,0.0,0.0,0.0,0.0,0.0,0.0,0.0,0.0,0.0,0.0,0.0,0.0,0.0,0.34038450037030543,0.0,0.0,1.0
2006-03-31,0.0,0.0,0.0,0.0,0.0,0.0,0.0,0.0,0.0,0.0,0.0,0.0,0.0,0.0,0.0,0.0,0.0,0.0,0.4526998310734792,0.0,0.0,0.0,0.0,0.0,0.0,0.0,0.0,0.0,0.0,0.0,0.0,0.8015274176701427,0.0,0.0,0.0,0.0,0.0,0.0,0.0,0.0,0.0,0.0,0.0,0.0,0.0,0.0,0.0,0.521415299851178,0.0,0.0,0.9999999999999998
2006-05-31,0.0,0.0,0.0,0.0,0.0,0.0,0.0,0.0,0.0,0.0,0.0,0.0,0.0,0.0,0.0,0.0,0.0,0.0,0.7012243722262091,0.0,0.0,0.0,0.0,0.0,0.0,0.0,0.0,0.0,0.0,0.0,0.0,0.8187574938654805,0.0,0.0,0.0,0.0,0.0,0.0,0.0,0.0,0.0,0.0,0.0,0.0,0.0,0.0,0.0,0.8296692285184848,0.0,0.0,0.9999999999999997
2006-06-30,0.0,0.0,0.0,0.0,0.0,0.0,0.0,0.0,0.0,0.0,0.0,0.0,0.0,0.0,0.0,0.0,0.0,0.0,0.7297051460222326,0.0,0.0,0.0,0.0,0.0,0.0,0.0,0.0,0.0,0.0,0.0,0.0,0.9079558126785551,0.0,0.0,0.0,0.0,0.0,0.0,0.0,0.0,0.0,0.0,0.0,0.0,0.0,0.0,0.0,0.8568143879441298,0.0,0.0,0.9999999999999999
2006-07-31,0.0,0.0,0.0,0.0,0.0,0.0,0.0,0.0,0.0,0.0,0.0,0.0,0.0,0.0,0.0,0.0,0.0,0.0,0.7713416079907915,0.0,0.0,0.0,0.0,0.0,0.0,0.0,0.0,0.0,0.0,0.0,0.0,0.8811047178674015,0.0,0.0,0.0,0.0,0.11221019930880342,0.0,0.0,0.0,0.0,0.0,0.0,0.0,0.0,0.0,0.0,0.8733386329836659,0.0,0.0,1.0000000000000002
2006-08-31,0.0,0.0,0.0,0.0,0.0,0.0,0.0,0.0,0.0,0.0,0.0,0.0,0.0,0.0,0.0,0.0,0.0,0.0,0.7804504940671017,0.0,0.0,0.0,0.0,0.0,0.0,0.0,0.0,0.0,0.0,0.0,0.0,0.8712477237292675,0.0,0.0,0.0,0.0,0.21333622992454185,0.0,0.0,0.0,0.0,0.0,0.0,0.0,0.0,0.0,0.0,0.8930884828489202,0.0,0.0,0.9999999999999999
2006-10-31,0.0,0.0,0.0,0.0,0.0,0.0,0.0,0.0,0.0,0.0,0.0,0.0,0.0,0.0,0.0,0.0,0.0,0.0,0.8063217595637914,0.0,0.0,0.0,0.0,0.0,0.0,0.0,0.0,0.0,0.0,0.0,0.0,0.8785755497307739,0.0,0.0,0.0,0.0,0.2605589806578985,0.0,0.0,0.0,0.0,0.0,0.0,0.0,0.0,0.0,0.0,0.8916794405748669,0.0,0.0,0.9999999999999996
2006-11-30,0.08578750549062532,0.0,0.0,0.0,0.0,0.0,0.0,0.0,0.0,0.0,0.0,0.0,0.0,0.0,0.0,0.0,0.0,0.0,0.8236594014224918,0.0,0.0,0.0,0.0,0.0,0.0,0.0,0.0,0.0,0.0,0.0,0.0,0.8975323303240816,0.0,0.0,0.0,0.0,0.30641857982174414,0.0,0.0,0.0,0.0,0.0,0.0,0.0,0.0,0.0,0.0,0.9303952697177194,0.0,0.0,1.0000000000000004
2007-01-31,0.18485218017090085,0.0,0.0,0.0,0.0,0.0,0.0,0.0,0.209481246849133,0.0,0.0,0.0,0.0,0.0,0.0,0.0,0.0,0.0,0.8947009873581621,0.0,0.0,0.0,0.0,0.0,0.0,0.0,0.0,0.0,0.0,0.0,0.0,0.9093800679722466,0.0,0.0,0.0,0.18109462931575046,0.31474247608732464,0.0,0.0,0.0,0.0,0.0,0.0,0.0,0.0,0.0,0.0,0.9836321965004841,0.0,0.0,0.9999999999999998
2007-02-28,0.2257838769935726,0.0,0.0,0.0,0.0,0.0,0.0,0.0,0.2838320187552603,0.0,0.0,0.0,0.0,0.0,0.0,0.0,0.0,0.0,0.9275372015332368,0.0,0.0,0.0,0.0,0.0,0.0,0.0,0.0,0.0,0.0,0.0,0.0,0.9141072675509776,0.0,0.0,0.0,0.22866195637628023,0.32575229216886914,0.0,0.0,0.0,0.0,0.0,0.0,0.0,0.0,0.0,0.0,1.0234818895962707,0.0,0.0,1.0000000000000002
2007-05-31,0.34227386239951296,0.0,0.0,0.0,0.0,0.0,0.0,0.0,0.44630131208539586,0.0,0.0,0.0,0.0,0.0,0.0,0.0,0.0,0.0,1.0242740352416868,0.0,0.0,0.0,0.0,0.0,0.0,0.0,0.0,0.0,0.0,0.0,0.0,0.948456283055169,0.0,0.0,0.0,0.3327357028172887,0.4196911288863759,0.0,0.0,0.0,0.0,0.0,0.0,0.0,0.0,0.0,0.0,1.0863935584526332,0.0,0.0,0.9999999999999998
2007-07-31,0.40550579274191734,0.0,0.0,0.0,0.0,0.0,0.0,0.0,0.4871495402007288,0.0,0.0,0.0,0.0,0.0,0.0,0.0,0.0,0.0,1.0136366205679535,0.0,0.0,0.0,0.0,0.0,0.0,0.0,0.0,0.0,0.0,0.0,0.0,0.9693174428918948,0.0,0.0,0.0,0.3632693383250106,0.4788225806353693,0.0,0.0,0.0,0.0,0.0,0.0,0.0,0.0,0.0,0.0,1.0689406013862237,0.0,0.0,1.0
2007-08-31,0.43498049289608587,0.0,0.0,0.0,0.0,0.0,0.0,0.0,0.5490400544121613,0.0,0.0,0.0,0.0,0.0,0.0,0.0,0.0,0.0,1.0216444491623147,0.0,0.0,0.0,0.0,0.0,0.0,0.0,0.0,0.0,0.0,0.0,0.0,0.9741518383480289,0.0,0.0,0.0,0.389957055617694,0.5297089369164504,0.0,0.0,0.0,0.0,0.0,0.0,0.0,0.0,0.0,0.0,1.0529703736941662,0.0,0.0,1.0000000000000002
2007-10-31,0.5743536968572591,0.0,0.0,0.0,0.0,0.0,0.0,0.0,0.7180706700227801,0.0,0.0,0.0,0.0,0.0,0.0,0.0,0.0,0.0,1.062526263903091,0.0,0.0,0.0,0.0,0.0,0.0,0.0,0.0,0.0,0.0,0.0,0.0,1.0020607836143147,0.0,0.0,0.0,0.49477705902797064,0.6834391177860932,0.0,0.0,0.0,0.0,0.0,0.0,0.0,0.0,0.06332061620497238,0.0,1.063440838425184,0.0,0.0,1.0000000000000004
2007-11-30,0.6515484776443673,0.0,0.0,0.0,0.0,0.0,0.0,0.0,0.7708124124205412,0.0,0.0,0.0,0.0,0.0,0.006064360263934289,0.0,0.0,0.0,1.0646673668514208,0.0,0.0,0.0,0.0,0.0,0.0,0.0,0.0,0.0,0.0,0.0,0.0,1.0123715084323992,0.0,0.0,0.0,0.5519150389805808,0.7416241904078658,0.0,0.0,0.0,0.0,0.0,0.0,0.0,0.0,0.08343114692473808,0.0,1.0610987344490337,0.0,0.0,1.0
2008-01-31,0.8449749139105365,0.0,0.0,0.0,0.0,0.0,0.0,0.0,0.9925681216174084,0.0,0.0,0.0,0.0,0.0,0.12744994485870478,0.0,0.0,0.029969604068629235,1.1048674433575796,0.0,0.0,0.0,0.0,0.0,0.0,0.0,0.0,0.0,0.0,0.0,0.0,1.0473514264032375,0.0,0.0,0.0,0.7402354546740679,0.7717349654268715,0.0,0.0,0.0,0.0,0.0,0.0,0.0,0.0,0.20499123549237167,0.0,1.0548619145148004,0.0,0.0,1.0000000000000004
2008-02-29,0.8822442366890997,0.0,0.0,0.0,0.0,0.0,0.0,0.0,1.0289267622623504,0.0,0.0,0.0,0.0,0.0,0.21374965695584722,0.0,0.0,0.06646018228091108,1.0944318182603623,0.0,0.0,0.0,0.0,0.0,0.0,0.0,0.0,0.0,0.0,0.0,0.0,1.0706736875817553,0.0,0.0,0.0,0.8085774720734176,0.7834896069648876,0.0,0.0,0.0,0.0,0.0,0.0,0.0,0.0,0.26312420101086503,0.0,1.0575308871073852,0.0,0.0,1.0
2008-03-31,0.9916650295947272,0.0,0.0,0.0,0.0,0.0,0.0,0.0,1.047150460900804,0.0,0.0,0.0,0.0,0.0,0.33410887260519967,0.0,0.0,0.09711133302441986,1.0884997642715024,0.0,0.0,0.0,0.0,0.0,0.0,0.0,0.0,0.0,0.0,0.0,0.0,1.0688109888203288,0.0,0.0,0.0,0.8577059863869491,0.845655788135814,0.0,0.0,0.0,0.0,0.0,0.0,0.0,0.0,0.3582593761099842,0.0,1.0470520121946232,0.0,0.0,1.0
2008-06-30,1.091774036539474,0.0,0.0,0.0,0.0,0.0,0.0,0.0,1.1213499192380225,0.0,0.0,0.0,0.0,0.0,0.4362007295489636,0.0,0.0,-0.1579319881839853,1.0783979266167905,0.0,0.0,0.0,0.0,0.0,0.0,0.0,0.0,0.0,0.0,0.0,0.0,1.0480903193327242,0.0,0.0,0.0,0.9501478179317135,0.9193032228603871,0.0,0.0,0.0,0.0,0.0,0.0,0.0,0.0,0.46110363616076755,0.0,1.0442790200371912,0.0,0.0,1.0000000000000004
2008-07-31,1.2194403861667193,0.0,0.0,0.0,0.0,0.0,0.0,0.0,1.1496823242047385,0.0,0.0,0.0,0.0,0.0,0.558437161717784,0.0,0.0,-0.13676415099600675,1.0442941646737216,0.0,0.0,0.0,0.0,0.0,0.0,0.0,0.0,0.0,0.0,0.0,0.0,1.0689990722003688,0.0,0.0,0.0,0.9883146960568259,1.0577526612744028,0.0,0.0,0.0,0.0,0.0,0.0,0.0,0.0,0.5643671955594609,0.0,1.0132663660649617,0.0,0.0,1.0000000000000007
2008-09-30,1.318672177567208,0.0,0.0,0.0,0.0,0.0,0.0,0.0,1.1457380098169194,0.0,0.0,0.0,0.0,0.0,0.7523306744107486,0.0,0.0,-0.06423982648498047,1.031866230909936,0.0,0.0,0.0,0.0,0.0,0.0,0.0,0.0,0.0,0.0,0.0,0.0,1.071199789493824,0.0,0.0,0.0,0.9996591448815764,1.1531312068980148,0.0,0.0,0.0,0.20985598325751792,0.0,0.0,0.0,0.0,0.7255334989960274,0.0,0.9642498071040562,0.0,0.0,1.0000000000000004
2008-10-31,1.3515591828517601,0.0,0.0,0.0,0.0,0.0,0.0,0.0,1.1496225036731096,0.0,0.0,0.0,0.0,0.0,0.8678523046339706,0.0,0.0,0.10920425750385294,1.0027636513809135,0.0,0.0,0.0,0.0,0.0,0.0,0.0,0.0,0.0,0.0,0.0,0.0,1.0871156302482317,0.0,0.0,0.0,1.0533083878855145,1.181921956225098,0.0,0.0,0.0,0.38038525183086286,0.0,0.0,0.0,0.0,0.8099996387058066,0.0,0.951856804082442,0.0,0.0,1.0000000000000004
2008-12-31,1.309039244961711,0.0,0.0,0.0,0.0,0.0,0.0,0.0,1.174167977812025,0.0,0.0,0.0,0.0,0.0,0.9695895938756736,-0.010783971446307848,0.0,0.17539050322110586,0.9634094467798888,0.0,0.0,0.0,0.0,0.0,0.0,0.0,0.0,0.0,0.0,0.0,0.0,1.094583385127926,0.0,0.0,0.0,1.1040976510892082,1.1579217979098289,0.0,0.0,0.0,0.5415777572426851,0.0,0.0,0.0,0.0,0.8307221541521423,0.0,0.9690734848472732,0.0,0.0,1.0000000000000007
2009-03-31,1.3138309399105528,0.0,0.0,0.0,0.0,0.0,0.0,0.0,1.185763023990028,0.0,0.0,0.0,0.0,0.0,1.0809174958876713,0.1337491826709702,0.0,0.3288076300072823,0.9355433116847831,0.0,0.0,0.0,0.0,0.0,0.0,0.0,0.0,0.0,0.0,0.03903131266558138,0.0,1.1159757866030249,0.0,0.0,0.0,1.165975694681721,1.15755022678519,0.0,0.0,0.0,0.6493058404113923,0.0,0.0,0.0,0.0,0.8661580863801817,0.0,0.9536334644729492,0.0,0.0,1.0000000000000002
2009-06-30,1.3057536666428504,0.0,0.0,0.0,-0.0015824203098526047,0.0,0.0,0.0,1.1560113181132852,0.0,0.0,0.0,0.09455891602918018,0.0,1.1093418130337622,0.37717030126619305,0.0,0.514714282975984,0.9520963199682413,0.0,0.0,0.0,0.0,0.0,0.0,0.0,0.0,0.0,0.0,0.20419603481657533,0.0,1.133696969552156,0.0,0.0,0.0,1.1860197314706222,1.140903253334151,0.0,0.0,0.0,0.8630957797138092,0.0,0.0,0.0,0.0,0.8998544731201836,0.0,0.9091717176996463,0.0,0.0,1.0000000000000007
2009-07-31,1.3172995688546019,0.0,0.0,0.0,0.07958939830498198,0.05033303631846929,0.0,0.0,1.1211441164565867,0.0,0.0,0.0,0.17406667340192694,0.0,1.122236055274273,0.450699030590288,0.0,0.5955408644553514,0.9366129497651741,0.0,0.0,0.0,0.0,0.0,0.0,0.0,0.0,0.0,0.0,0.24973258501874945,0.0,1.14445375854933,0.0,0.0,0.0,1.1866535423434867,1.168536230106319,0.0,0.0,0.07180490885400044,0.9477765384175605,0.0,0.0,0.0,0.0,0.9131429130490809,0.0,0.8878201789581526,0.0,0.0,1.0000000000000004
2009-08-31,1.2910947650393045,0.0,0.0,0.0,0.10183051928776762,0.05899660480061836,0.0,0.0,1.112647384222801,0.0,0.0,0.0,0.20702608900473424,0.0,1.1264652702093605,0.5184018905434499,0.0,0.6094652441543424,0.9327887934068584,0.0,0.0,0.0,0.0,0.0,0.0,0.0,0.0,0.0,0.0,0.295064951251331,0.0,1.1434239488845943,0.0,0.0,0.0,1.195010589546353,1.1708908748391742,0.0,0.0,0.09024143243275948,1.06682742904101,0.0,0.0,0.0,0.0,0.9161564130740906,0.0,0.8805310445735606,0.0,0.0,1.0000000000000002
2009-09-30,1.2625845024213438,0.0,0.0,0.0,0.11947239263284436,0.06919730878211396,0.0,0.0,1.1127043064386692,0.0,0.0,0.0,0.23644158582064342,0.0,1.1248743213126104,0.5556589031811401,0.0,0.6547869636498347,0.9328116278819183,0.0,0.0,0.0,0.0,0.0,0.0,0.0,0.0,0.0,0.0,0.319882759179878,0.0,1.1394094281159828,0.0,0.0,0.0,1.1972709513688722,1.1487616116324264,0.0,0.0,0.10541849227048644,1.1508634787118324,0.0,0.0,0.0,0.0,0.9353030458636712,0.0,0.9015565604221335,0.0,0.0,1.0
2009-11-30,1.2067074929224602,0.0,0.0,0.0,0.21586814371259985,0.1791483490558588,0.0,0.07828489802528531,1.1003920020356541,0.0,0.0,0.0,0.36173751998934583,0.0,1.1335227189614865,0.6473949223896882,0.0,0.748945815773585,0.9261123338237396,0.0,0.0,0.0,0.0,0.034716413861164336,0.0,0.0,0.0,0.0,0.0,0.41669216770597334,0.0,1.1654767027376398,0.0,0.0,0.0,1.1964374815487386,1.1317717799393734,0.0,0.0,0.1891610183805734,1.2306991823587818,0.0,0.0,0.0,0.0,0.8987378731297679,0.0,0.8891201515948985,0.0,0.0,1.0000000000000004
2009-12-31,1.1725292459827075,0.0,0.0,0.0,0.27160775883059973,0.21122642854453388,0.01509819601299093,0.12216888627275752,1.0883420014687382,0.0,0.0,0.0,0.4397305801490093,0.0,1.1394496447565483,0.7217527924888958,0.0,0.9015172382739767,0.9144161962508852,0.0,0.0,0.0,0.0,0.06912896006207227,0.0,0.0,0.0,0.0,0.0,0.4586860540606754,0.0,1.1804832095299158,0.0,0.0,0.0,1.2127280975199564,1.1228693018607072,0.0,0.0,0.24211609506343312,1.2975379537611915,0.0,0.0,0.0,0.0,0.8830813668606341,0.0,0.8819564887238855,0.0,0.0,1.0
2010-03-31,1.069094753434066,0.0,0.0,0.0,0.4090870909202437,0.3099021861735992,0.10571035768708446,0.2004056212553137,1.0477615984085473,0.0,0.0,0.0,0.6455646493132721,0.0,1.1459809509144343,0.9525818370284553,0.0,1.038679842950129,0.8773399681018854,0.03807994851141839,0.0,0.0,0.0,0.1477817249841416,0.0,0.0,0.0,0.0,0.0,0.6228854113892945,0.0,1.2144487980349254,0.0,0.0,0.0,1.237576024448533,1.0758975083111917,0.0,0.0,0.3544699321524437,1.392879292012691,0.0,0.0,0.0,0.0,0.8394152966716646,0.0,0.9113656776619408,0.0,0.0,0.9999999999999993
2010-05-31,1.0411130639761157,0.0,0.0,0.0,0.5014211957324514,0.3895922964407901,0.15841542888558793,0.25954072216109236,1.011542078864864,0.0,0.0,0.0,0.7884917474080888,0.0,1.1322878605744746,1.1195327727589528,0.0,1.1018207938502356,0.9140920184583682,0.07575223806016058,0.0,0.0,0.0,0.18405630852197508,0.0,0.0,0.0,0.0,0.0,0.7527912741651925,0.0,1.214797361719802,0.0,0.0,0.0,1.233425364036524,1.0561911776084578,0.0,0.0,0.4413080254719949,1.4015361253159488,0.0,0.0,0.0,0.0,0.8807895236456903,0.0,0.8597951657874217,0.0,0.0,1.0
2010-06-30,1.033293756385836,0.0,0.0,0.0,0.5261292684432849,0.4099900992401583,0.182419334168671,0.2767993492310341,0.9985290493521252,0.0,0.0,0.0,0.8315479233794981,0.0,1.115114309928859,1.1691191190756802,0.0,1.1461349406291326,0.8996734795536605,0.08314440945655104,0.0,0.0,0.0,0.2052658474074202,0.0,0.0,0.0,0.0,0.0,0.7878383929210965,0.0,1.2227718478141612,0.0,0.0,0.0,1.212991447074199,1.0522762133516537,0.0,0.0,0.46879874620819617,1.4155544306740326,0.0,0.0,0.0,0.0,0.8936784002113033,0.0,0.859319731976121,0.0,0.0,1.0
2010-08-31,1.0002415387920487,0.0,0.0,0.0,0.6013614417224927,0.494018206798424,0.2598174567688966,0.3446617146441275,0.9699745373431032,0.0,0.0,0.0,0.9877540821662187,0.0,1.1141979704036407,1.2014775906627408,0.0,1.141443600405117,0.9265991954522314,0.17242256390569663,0.0,0.0,0.0,0.2393318369493747,0.0,0.0,0.0,0.0563966723033897,0.0,0.9310648321143291,0.0,1.240555248305397,0.0,0.0,0.0,1.2169209086744854,1.0034529512477741,0.0,0.0,0.5468674490478463,1.49340172678346,0.0,0.0,0.0,0.0,0.8572820220678972,0.0,0.8398789754236603,0.0,0.0,1.0000000000000002
2010-09-30,0.9522501065058232,0.0,0.0,0.0,0.6817900315265348,0.558076089558742,0.31675418402268435,0.39285826301773347,0.9235687333231202,0.0,0.0,0.0,1.1393113758504796,0.0,1.0991502705432001,1.2444652252296224,0.0,1.182891364428146,0.9427733522224155,0.20562404097929748,0.0,0.0,0.0,0.2714746906641765,0.0,0.0,0.0,0.07154645889094259,0.0,0.9471638810097045,0.0,1.2504223741699667,0.0,0.01174169223079737,0.0,1.2497670704665336,1.0271578300575863,0.0,0.0,0.6161132992699238,1.5095266441997575,0.0,0.0,0.0,0.0,0.8248352244554,0.0,0.8322217066985863,0.0,0.0,1.0
2010-11-30,0.8456100056592466,0.0,0.0,0.0,0.9230647961718489,0.7097019719331352,0.47294590381735807,0.5208647894457441,0.9148098995172167,0.0,0.0,0.0,1.3985924176153208,0.0,1.0918498557219043,1.30287715160828,0.0,1.1947465938001556,0.9012934746090207,0.29739094106497777,0.0,0.0,0.0,0.36856417083059556,0.0,0.0,0.0,0.11579273790698974,0.0,0.9989993634981089,0.0,1.2820173311453522,0.0,0.11166401119100053,0.0,1.268527595290182,0.9693950004963633,0.0,0.0,0.8086050013586927,1.5664001361095297,0.0,0.0,0.0,0.0,0.7959416112394536,0.0,0.8235845816335836,0.0,0.0,0.9999999999999999
2010-12-31,0.8493497397452235,0.0,0.0,0.0,0.9772407961430386,0.7826950394141299,0.6214874651915162,0.6262156245949392,0.8784035531923002,0.0,0.0,0.0,1.4385052656244102,0.0,1.0945950131445141,1.3404080486260486,0.0,1.2028512697582288,0.844284106066086,0.3531313954536389,0.0,0.0,0.0,0.4372146444976031,0.0,0.0,0.0,0.14672260795255923,0.0,0.9783461320842783,0.0,1.308746956909565,0.0,0.20811137516953987,0.0,1.3134930276576742,0.9607027078454256,0.0,0.0,0.8599368883700522,1.6539545614932663,0.0,0.0,0.0,0.0,0.7697945842493488,0.0,0.826772531963922,0.0,0.0,1.0000000000000002
2011-02-28,0.8211892219858898,0.0,0.0,0.0,1.0355246096814557,0.7763400415913673,0.737954007188424,0.709410403187017,0.8903181617570791,0.0,0.0,0.0,1.4182499105687028,0.0,1.0922020113385933,1.3195163307404685,0.0,1.1964507045762538,0.822014811549703,0.42309342150684504,0.0,0.0,0.0,0.5612168443921871,0.0,0.0,0.0,0.19323272656982277,0.0,0.9488719148991648,0.0,1.3391340393837203,0.0,0.25878133829057093,0.0,1.313123827446931,0.9213336459937749,0.0,0.0,0.8565158173406704,1.6468185934807984,0.0,0.0,0.0,0.0,0.7251958402262155,0.0,0.7716745897616245,0.0,0.0,0.9999999999999998
2011-03-31,0.82217399319154,0.0,0.0,0.0,1.0839392708451254,0.7672370017587585,0.7850864627651271,0.7242312107110093,0.8615379689253244,0.0,0.0,0.0,1.3922346649573685,0.0,1.0805480460458108,1.344314383755647,0.0,1.227204783670176,0.7759147377762883,0.4513655404809003,0.0,0.0,0.0,0.6563964385539534,0.0,0.0,0.0,0.21040361275822678,0.0,0.9728934140556944,0.0,1.3232809424312961,0.0,0.25361480812107756,0.0,1.3125981893138776,0.9121356618024542,0.0,0.0,0.8738205526789767,1.579079633119778,0.0,0.0,0.0,0.0,0.7282701328353043,0.0,0.7143152885681355,0.0,0.0,0.9999999999999996
2011-05-31,0.6825707780429381,0.0,0.0,0.0,1.1845483769589547,0.7121428632747918,0.9905879639809672,0.6125631063296948,0.8551637880021659,0.0,0.0,0.0,1.3910468356334036,0.0,1.072775943073274,1.3056921013693321,0.0,1.2093076369653737,0.7114413860985832,0.5414896954086672,0.0,0.0,0.0,0.863311759791909,0.0,0.0,0.0,0.2631428182832866,0.0,0.9169257378683915,0.0,1.2806868165302878,0.0,0.33248370608556943,0.0,1.3065111047446236,0.7543211390938729,0.0,0.0,0.871024184314462,1.5401592435450042,0.0,0.0,0.0,0.0,0.8126250332709771,0.0,0.7469223603408582,0.0,0.0,1.0000000000000004
2011-06-30,0.6706578533329167,0.0,0.0,0.0,1.274008810185323,0.787156787556154,1.0734355592752058,0.5445526873742959,0.8697292907423505,0.0,0.0,0.0,1.399858771357265,0.0,1.0458245952487615,1.2986396894054122,0.0,1.346419545584713,0.690228684912186,0.6480109376730916,0.0,0.0,0.0,0.9464024772222333,0.0,0.0,0.0,0.31500609533205914,0.0,0.9286662890948758,0.0,1.2711148968595247,0.0,0.29066051101052254,0.0,1.323514935302836,0.6692448599815751,0.0,0.0,0.906718847795865,1.587419388856482,0.0,0.0,0.0,0.0,0.8515485811623082,0.0,0.7011390634369068,0.0,0.0,0.9999999999999998
2011-08-31,0.6194670328733637,0.0,0.0,0.0,1.3378824916879788,0.8448042721975143,1.0282468315753186,0.4999119576123112,0.816141257600524,0.0,0.0,0.0,1.404493444828455,0.0,1.0820864445773324,1.34040894501568,0.0,1.3943235244377108,0.6567108184824422,0.7005105214454465,0.0,0.0,0.0,1.069961586142648,0.0,0.0,0.0,0.3431602779170951,0.0,0.8327018671722295,0.0,1.24797521708861,0.0,0.30816328718125224,0.0,1.3864449014141926,0.5504978421334781,0.0,0.0,0.9098444491980688,1.640456658829068,0.0,0.0,0.0,0.0,0.9650423106870407,0.0,0.5346861901243558,0.0,0.0,1.0
2011-09-30,0.6290121936132762,0.0,0.0,0.0,1.4029481921798101,0.8288847417921996,1.00695732144474,0.5222213713977684,0.7893758638438317,0.0,0.0,0.0,1.3957232107397046,0.0,1.054422823300316,1.3396504441081836,0.0,1.371792412826389,0.6249499236409543,0.673012130722731,0.0,0.0,0.0,1.1195377192027836,0.0,0.0,0.0,0.34646240028063297,0.0,0.8327303401819619,0.0,1.2224216894334037,0.0,0.3750695550726341,0.0,1.397414144368918,0.5162243335253378,0.0,0.0,0.9018586762882594,1.6054091012281377,0.0,0.0,0.0,0.0,0.9493345675775071,0.0,0.5163753189781797,0.0,0.0,1.0
2011-10-31,0.6034117358707964,0.0,0.0,0.0,1.4586975378249019,0.8456785740284032,1.0192167067952669,0.4946712937545507,0.782047557035624,0.0,0.0,0.0,1.417228667164522,0.0,1.0398129902399273,1.3733472590613596,0.0,1.3942817925050397,0.6013600812322443,0.7000903921423096,0.0,0.0,0.0,1.1473213670598008,0.0,0.0,0.0,0.3524534636320053,0.0,0.7958939997236895,0.0,1.2291129464146933,0.0,0.39862604498134263,0.0,1.4020816296280056,0.48303870259580317,0.0,0.0,0.9019989900035732,1.61665056643852,0.0,0.0,0.0,0.0,0.9379297449877595,0.0,0.509165024322062,0.0,0.0,1.0000000000000004
2011-11-30,0.5900811506141509,0.0,0.0,0.0,1.5314999649950454,0.8583688399221258,1.0062647076453173,0.4717899642840541,0.7430535498706589,0.0,0.0,0.0,1.4113303174478993,0.0,1.0614852775593249,1.3836905042132488,0.0,1.4362923304450936,0.5588574620037096,0.7380352599636016,0.0,0.0180148668240588,0.0,1.208045890791884,0.0,0.0,0.0,0.3927260021257913,0.0,0.763413307298196,0.0,1.2024478081698018,0.0,0.4685372103636005,0.0,1.4019695073680247,0.43888609423494057,0.0,0.0,0.8958629421747691,1.5866608856783844,0.0,0.0,0.0,0.0,0.9526509446837201,0.0,0.49642361509811617,0.0,0.0,0.9999999999999994
2012-01-31,0.5664001650179697,0.0,0.0,0.0,1.6006927912831541,0.907245429651371,0.9345324979366824,0.45522529949709845,0.6998746036119339,0.0,0.0,0.0,1.414966920004832,0.0,1.1052485920172317,1.3651466100527188,0.0,1.4008396248986796,0.5967385886191962,0.6725558328095439,0.0,0.09695914967683313,0.0,1.2729363176896489,0.0,0.0,0.0,0.38952822622701977,0.0,0.6925154360502411,0.0,1.1672733782776803,0.0,0.5667215666624941,0.0,1.4385736690147077,0.37965772497854056,0.0,0.0,0.921399150847107,1.5869577853356018,0.0,0.0,0.0,0.0,0.9489166367097364,0.0,0.5026949475492185,0.0,0.0,0.9999999999999996
2012-02-29,0.5975820031533101,0.0,0.0,0.0,1.6792870610144548,0.9359236675010572,0.956561291458135,0.4640641195464691,0.6597616490768319,0.0,0.0,0.0,1.4088046903538316,0.0,1.149340356015018,1.3287634954898366,0.0,1.4019368726106725,0.5874720925799979,0.5686509474116446,0.0,0.21880476684696384,0.0,1.3492791651362879,0.0,0.0,0.0,0.30508003008237233,0.0,0.5649705277972779,0.0,1.1536861510909904,0.0,0.6269407108293599,0.0,1.4452156223624892,0.36977854533246207,0.0,0.0,1.0010037724589258,1.6070939819547085,0.0,0.0,0.0,0.0,0.9124851780339179,0.0,0.5085965136658818,0.0,0.0,1.0
2012-05-31,0.5962818038655118,0.0,0.0,0.0,1.7028887406885005,1.0141902050499634,0.9795014773707245,0.524913073097669,0.6686029301222518,0.04624903816837962,0.0,0.0,1.4056458509184826,0.0,1.1791789748454016,1.2793091284597014,0.0,1.4235186571957197,0.5670880966041535,0.5831444752588391,0.0,0.4256702621012899,0.0,1.3170721729582975,0.0,0.0,0.0,0.2729790709062295,0.0,0.5527272004539955,0.0,1.1652916410755505,0.0,0.5088831548296398,0.0,1.423895373192102,0.38085739281304376,0.0,0.0,1.066216064063996,1.498874653621377,0.0,0.0,0.0,0.0,0.893121892725667,0.0,0.5290820553032974,0.0,0.0,1.0000000000000002
2012-07-31,0.4951661376663927,0.0,0.0,0.0,1.6984887271675142,1.0060633315322243,1.0487807244426146,0.49174802242436233,0.6681390988903216,0.11848929700417048,0.0,0.0,1.4826889343533889,0.0,1.2052124840847172,1.3820309693828043,0.0,1.4883371381935766,0.5940897317184056,0.6008168183849049,0.0,0.5142530138077124,0.0,1.2690718336519577,0.0,0.0,0.0,0.21129901594149603,0.0,0.6121768297610823,0.0,1.143800653555855,0.0,0.4631465828495435,0.0,1.4865550104553178,0.31433375377978834,0.0,0.0,1.0981368373551006,1.5700033442540164,0.0,0.0,0.0,0.0,0.8613376481094974,0.0,0.5648054528096191,0.0,0.0,0.9999999999999998
2012-08-31,0.6068902451837137,0.0,0.0,0.0,1.6636951611270794,1.095846344860845,1.04427396170188,0.5337707964785913,0.685721436671971,0.23567526066487116,0.0,0.0,1.5163627555204888,0.0,1.2355047408235162,1.3932317219114339,0.0,1.4416339438373447,0.6045053859575874,0.5774231583397642,0.0,0.6372574600830438,0.0,1.1928157307638674,0.0,0.0,0.0,0.20584332765220023,0.0,0.6026026164573197,0.0,1.1594160321870353,0.0,0.4501908686274262,0.0,1.5235872848094933,0.32047319856623374,0.0,0.0,1.1142659437900402,1.6281112493511285,0.0,0.0,0.0,0.0,0.8648416442578019,0.0,0.6141043676577995,0.0,0.0,0.9999999999999997
2012-10-31,0.7054269561853369,0.0,0.0,0.0,1.7004210241186997,1.147075790958357,1.1694363113497515,0.6020101843945679,0.6584661731531942,0.32169763498221493,0.0,0.0,1.5674758799488957,0.0,1.309069386573261,1.438148137280552,0.0,1.5215968177846697,0.6099787909211487,0.6518163476396213,0.0,0.718376181432641,0.0,1.069729495852706,0.0,0.0,0.0,0.17342206317168837,0.0,0.5342461723803122,0.0,1.212501741622538,0.0,0.4340822175882685,0.0,1.5730329808414498,0.3356768239565312,0.0,0.0,1.2073826630629534,1.7084386521492905,0.0,0.0,0.0,0.0,0.8309929239023122,0.0,0.61565642101245,0.0,0.0,1.0
2012-11-30,0.7545898035964802,0.0,0.0,0.0,1.7165577181653324,1.1194195552431232,1.197635433001236,0.6699970379508259,0.6286594223066474,0.380497969964917,0.0,0.0,1.6169434689276152,0.0,1.3170398875042668,1.4808375797789959,0.0,1.6399675311343118,0.6254729475884071,0.6924910240213877,0.0,0.835567482947482,0.0,1.0275742147182745,0.0,0.0,0.0,0.15817162989959047,0.0,0.4975693101423559,0.0,1.1990112491145504,0.0,0.5930298156851381,0.0,1.6172885683385345,0.3592381662599595,0.0,0.0,1.205058783690685,1.759233035701837,0.0,0.0,0.0,0.0,0.7992739057787596,0.0,0.57411714240201,0.0,0.0,1.0
2013-01-31,0.7992633607291919,0.0,0.0,0.0,1.7763008232281,1.0946210683900013,1.1921275596978447,0.7226668554236051,0.6784081521668117,0.48310931445399363,0.0,0.0,1.5412128572286108,0.0,1.2910025407201435,1.5257802531717428,0.0,1.6390285024638374,0.5739057405194813,0.6479198255063642,0.0,0.8932488715194135,0.0,1.0619771199756762,0.0,0.0,0.0,0.19819756225374785,0.0,0.4324693042084653,0.0,1.2200344729887924,0.0,0.5983177093676018,0.0,1.5761857031006712,0.42606046547555015,0.0,0.0,1.238534272591377,1.7610238933479319,0.0,0.0,0.0,0.0,0.7497070305998765,0.0,0.6388110951285213,0.0,0.0,0.9999999999999999
2013-02-28,0.8033993601550377,0.0,0.0,0.0,1.8031322109492227,1.0855856831424486,1.2172440524309285,0.7430823098983386,0.7129552175262388,0.5120784640139515,0.0,0.0,1.5203492466490343,0.0,1.3397568968957507,1.4880508436947677,0.0,1.6460165851618325,0.5697847976964172,0.7026938926375523,0.0,0.9258198865250109,0.0,1.0102203760523736,0.0,0.0,0.0,0.2308032854274501,0.0,0.46582266921183885,0.0,1.2487743720913074,0.0,0.5419326785680724,0.0,1.5636513428591936,0.4477104199448796,0.0,0.0,1.287733617929711,1.7869289558725558,0.0,0.0,0.0,0.0,0.7390342213274106,0.0,0.6632080712594588,0.0,0.0,0.9999999999999999
2013-05-31,0.8190196748055028,0.0,0.0,0.0,1.802022937987307,1.016894566614503,1.250410110507505,0.7332865141341076,0.748690732737662,0.6832398282273924,0.0,0.0,1.4842360106706545,0.0,1.3383160313151157,1.4637588461600548,0.0,1.6788837674895456,0.5352605849829358,0.5993048221718384,0.0,0.9368701879479496,0.0,0.9553933872516338,0.0,0.0,0.0,0.2260610487854397,0.0,0.49698204526253903,0.0,1.3093912279116948,0.0,0.41202038012015607,0.0,1.5260190370974276,0.5948742572372274,0.0,0.0,1.3348646216545,1.8773223934041756,0.0,0.0,0.0,0.0,0.6491802085956936,0.0,0.7656475897344756,0.0,0.0,1.0
2013-07-31,0.8018768113691407,0.0,0.0,0.0,1.7875614505973803,0.9480658857953137,1.2122003001529618,0.6955398089250645,0.7740818507488255,0.8479638912329999,0.0,0.0,1.4410293480674672,0.0,1.293161518716581,1.5273148211524363,0.0,1.763198516776288,0.4474822743998756,0.716933816082109,0.0,0.8530232831756505,0.0,0.9051168935501437,0.0,0.0,0.0,0.18168019069148267,0.0,0.5437550321001385,0.0,1.3687823196543503,0.0,0.31763391364113636,0.0,1.4207537269134616,0.5819758722901129,0.0,0.0,1.2985762545668935,1.8310288321596866,0.0,0.0,0.0,0.0,0.6470750510226522,0.0,0.8150095900850187,0.0,0.0,0.9999999999999998
2013-09-30,0.677007686485777,0.0,0.0,0.0,1.8865355403720172,0.8671797257633586,1.2020797571959645,0.5926388777854421,0.789474337236136,1.0182013141948174,0.0,0.0,1.3583210625350115,0.0,1.2515551796310809,1.5261333403031023,0.0,1.8569897351496083,0.4155074106941329,0.7270945904446884,0.0,0.7200119180402602,0.0,0.8988289451501105,0.0,0.0,0.0,0.1390606640857959,0.0,0.4874680100656929,0.0,1.3582001714417906,0.0,0.3438028010718468,0.0,1.3466123001323245,0.4810718221651793,0.0,0.0,1.3094026428167602,1.8096058049445118,0.0,0.0,0.0,0.0,0.6171183019100225,0.0,0.8770512043913608,0.0,0.0,0.9999999999999998
2013-10-31,0.6994909830147478,0.0,0.0,0.0,1.9143082188997789,0.8942122526018559,1.191662942011247,0.5986163218502362,0.7993853523609137,1.1161996523840685,0.0,0.0,1.3332789692603657,0.0,1.2538278228665578,1.523545938150848,0.0,1.846901170787031,0.40184559956145416,0.7124182912288519,0.0,0.7090301064484736,0.0,0.8939584931580775,0.0,0.0,0.0,0.14406011811375963,0.0,0.5169368401675118,0.0,1.3283191015044116,0.0,0.22522169049617818,0.0,1.308278517692828,0.4997636022886631,0.0,0.0,1.3506625293637669,1.8348734435551348,0.0,0.0,0.0,0.0,0.6384221113712814,0.0,0.9293643442080552,0.0,0.0,1.0000000000000002
2013-12-31,0.7624649862448551,0.0,0.0,0.0,1.893372981195703,0.8950060373060249,1.071198858825839,0.637901421048124,0.8621064029571717,1.1012561254196571,0.0,0.0,1.2907012418484851,0.0,1.2860790705775527,1.4899389936258423,0.0,1.8199777819085186,0.3790690272771946,0.6455530099026806,0.0,0.6440269898478085,0.0,0.9777919223762392,0.0,0.0,0.0,0.17167144925789932,0.0,0.49355410062158056,0.0,1.381701459899663,0.0,0.2701374845464755,0.0,1.2383205556868138,0.53736933435749,0.0,0.0,1.3119193259005302,1.8714336797589477,0.0,0.0,0.0,0.0,0.6994004452656295,0.0,0.9913816999226396,0.0,0.0,0.9999999999999993
2014-02-28,0.5491128038888061,0.0,0.0,0.017675466949903944,2.0226911571549024,0.7946208676186295,1.0494016589361437,0.5190326024936817,0.9139651616856092,1.110758676195679,0.0,0.0,1.2822835784034523,0.0,1.351862688998377,1.4940120686690384,0.0,1.8768888734889297,0.28687606371185265,0.6699999441147431,0.0,0.5738717227017376,0.0,1.0922281905136824,0.0,0.0,0.0,0.10733243549894933,0.0,0.333542946283456,0.0,1.37548654548437,0.0,0.3154188573225116,0.0,1.2443431117181616,0.5818228889606587,0.0,0.0,1.3099589482883045,1.9103360389726833,0.0,0.0,0.0,0.0,0.6921336453442035,0.0,0.9392541411217005,0.0,0.0,0.9999999999999997
2014-03-31,0.47800375479666596,0.0,0.0,0.05914220025139599,1.9738094897608924,0.7376494073155966,0.9992176751484947,0.519090492814636,0.9664770664267038,1.0901715578807214,0.0,0.0,1.2631897434710257,0.0,1.2715166882875417,1.5022628147707817,0.0,1.8353240217853144,0.30103188307309975,0.6068497853183322,0.0,0.5914477002540909,0.0,1.187864467336864,0.0,0.0,0.0,0.153809341080947,0.0,0.34997163739724896,0.0,1.3556987006124273,0.0,0.23886508097107162,0.0,1.218743004376142,0.6613944059081827,0.0,0.0,1.2536580141070224,1.8703800900897916,0.0,0.0,0.0,0.0,0.7275100670114976,0.0,0.9119018286821416,0.0,0.0,0.9999999999999998
2014-06-30,0.43097029602384673,0.0,0.0,0.3076342169010877,1.8710204595336914,0.7517622946620384,1.1257063791725022,0.5225510216842947,1.0265231188601884,1.1146652798824563,0.0,0.0,1.3799324816024794,0.0,1.2857034881925422,1.5273239116243982,0.0,1.7280310292929548,0.4002050582810823,0.5519703791111985,0.0,0.6895750803994036,0.0,1.094147082602082,0.0,0.0,0.0,0.1104272407889175,0.0,0.36629098469936355,0.0,1.3657071836618244,0.0,0.22068961053159541,0.0,1.304201819038684,0.6285463503446338,0.0,0.0,1.2295755398582127,1.9198283328027692,0.0,0.0,0.0,0.0,0.7209726059288213,0.0,0.8674089530611229,0.0,0.0,0.9999999999999999
2014-07-31,0.40499963662259625,0.0,0.0,0.3387910271917729,1.8044149867218335,0.7089259624370003,1.2683229040205068,0.4833685970738607,1.0626521201246864,1.1229890234882536,0.0,0.0,1.4778606363309321,0.0,1.3105824073857466,1.448556675670691,0.0,1.7289769017525898,0.39459669180415025,0.6343238870333678,0.0,0.6747270774161612,0.0,1.0139635990853633,0.008053658856690118,0.0,0.0,0.1253392868227679,0.0,0.4100913276239525,0.0,1.380559250924966,0.0,0.34051715390665993,0.0,1.3312682175267478,0.633434362619629,0.0,0.0,1.2206649118183808,2.0167508937339944,0.0,0.0,0.0,0.0,0.7856376567085628,0.0,0.8610100234849768,0.0,0.0,1.0
2014-09-30,0.3707265273897357,0.0,0.0,0.4203769024832087,1.703209174071536,0.6986322993339495,1.270705416410384,0.4680254977510657,1.1509397078878947,1.218902178407806,0.0,0.0,1.5000722656553536,0.0,1.2023211797104754,1.4169211128359653,0.0,1.7770495583045696,0.4415711570456821,0.5978966304263627,0.0,0.6827224438983174,0.0,1.0210351497404948,-0.03218083766514813,0.0,0.0,0.20201979988446578,0.0,0.3675905734612236,0.0,1.3488830052678589,0.0,0.37356155777208333,0.0,1.3187066027267393,0.5514528187050848,0.0,0.0,1.230530859138276,1.94520459640965,0.0,0.0,0.0,0.0,0.782784046776058,0.0,0.8293759414260615,0.0,0.0,0.9999999999999999
2014-10-31,0.31702007388923736,0.0,0.0,0.5004239178866207,1.6097185376590686,0.6879743902802895,1.2872242692705935,0.49946912739156224,1.1716157116383146,1.2824250544678,0.0,0.0,1.4763006968045078,0.0,1.2315418685653123,1.3300260709854446,0.0,1.7865462515168171,0.4627210599623617,0.6321537611278067,0.0,0.6861439950642174,0.0,0.9526587575381615,0.0290818656667408,0.0,0.0,0.22352179771656155,0.0,0.3254404589647133,0.0,1.3241711999803247,0.0,0.4257690656290081,0.0,1.3386997796250333,0.5422184869548788,0.0,0.0,1.1505628448253478,1.9267585749083977,0.0,0.0,0.0,0.0,0.8284787960783576,0.0,0.7909230064586164,0.0,0.0,1.0000000000000002
2014-12-31,0.3221972601899405,0.0,0.0,0.5684602640453716,1.5281819445592937,0.6179139354443554,1.395469642421777,0.610314426952494,1.2035075932329584,1.3640806189167578,0.0,0.0,1.557944034793229,0.0,1.2714023609223073,1.263678326130512,0.0,1.6898002409984203,0.6298129734805332,0.6750285075213676,0.0,0.692329781768337,0.0,0.9080113444377793,0.11134698483273242,0.0,0.0,0.25594764524213526,0.0,0.3448912179307815,0.0,1.1872623556108648,0.0,0.41066337896954064,0.0,1.3814313575673536,0.683532413133052,0.0,0.0,1.0415768947186403,1.8760380005683137,0.0,0.0,0.0,0.0,0.8396441371872776,0.0,0.7451952329724094,0.0,0.0,1.0000000000000002
2015-03-31,0.41840944439828137,0.0,0.0,0.8620576896813775,1.397360818928425,0.7727954915446542,1.379151229235645,0.7408038610803913,1.1272144199625485,1.395982811143036,0.0,0.0,1.570357501105933,0.0,1.2265827173945587,1.1707992491824502,0.0,1.4822951189580034,0.6381953672319902,0.6570187554441097,0.0,0.8384065438718225,0.0,0.8592436360603452,0.25864525782313313,0.0,0.0,0.3065705570918935,0.0,0.30224222371119863,0.0,1.1201826426128576,0.0,0.3604913636208103,0.0,1.399332579770628,0.8127273386752097,0.0,0.0,1.1364172455618813,1.8230218301355796,0.0,0.0,0.0,0.0,0.8435805483499985,0.0,0.6667500440491756,0.0,0.0,1.0
2015-06-30,0.4666694147768605,0.0,0.0,1.040738395291929,1.3874435360928632,0.8905402593229694,1.3733778447315976,0.7383057274993884,1.06729266240349,1.4359584192249777,0.0,0.0,1.5195362168367734,0.0,1.184165215411654,1.2042665718610537,0.0,1.3608044433716797,0.6827650878052995,0.7858033609091177,0.0,0.8581266667969982,0.0,0.8542764913194894,0.29452705826453374,0.0,0.0,0.27683761221912395,0.0,0.32205578399612356,0.0,1.0595892224079706,0.0,0.3298082379436471,0.0,1.3528767058642843,0.8493364610456302,0.0,0.0,1.1414365451236221,1.7177589746173134,0.0,0.0,0.0,0.0,0.8023072343199866,0.0,0.6548471971256773,0.0,0.0,1.0
2015-07-31,0.5739174126306343,0.0,0.0,1.1410262565348772,1.4427995911838183,0.9677919646159834,1.4151797272187725,0.8174318951680735,1.027597689132945,1.4082029571055943,0.0,0.0,1.4956325468453295,0.0,1.1498706112212849,1.207562125351569,0.0,1.3294432433430312,0.7220008812753419,0.8063242298971383,0.0,0.8604008931462396,0.0,0.8201341569088914,0.29263610120034045,0.0,0.0,0.3660883619648543,0.0,0.31030414733306333,0.0,1.06115856256937,0.0,0.29401398357998976,0.0,1.3335448123643519,0.7752980573995312,0.0,0.0,1.2029119406989868,1.7150529973436792,0.0,0.0,0.0,0.0,0.7597748856032053,0.0,0.6499738848357877,0.0,0.0,1.0
2015-08-31,0.7360409474208882,0.0,0.0,1.2708048518096289,1.473071107474815,1.084762254531019,1.3076454966701387,0.6900348014857755,0.94496321075771,1.451397858762005,0.0,0.0,1.3870256591874526,0.0,1.1399410396437049,1.1309318562889903,0.0,1.2547601404239415,0.7688822799441797,0.7159982514768781,0.0,0.8697772893690531,0.0,0.7664839893631379,0.3855894688540183,0.0,0.0,0.38930876093782,0.0,0.43011630370429765,0.0,1.0433066633147257,0.0,0.2771204215184968,0.0,1.2647932178666752,0.7720200881260036,0.0,0.0,1.257208320663891,1.5827706992860107,0.0,0.0,0.0,0.0,0.6985802829367088,0.0,0.7318324787519188,0.0,0.0,0.9999999999999999
2015-09-30,0.7492669138948522,0.0,0.0,1.2917689506849004,1.492591243337154,1.0971187633265505,1.270613647745412,0.6518363003995196,0.9316833100387327,1.4565148250092022,0.0,0.0,1.3691505648448419,0.0,1.1616997400902027,1.1126332525262614,0.0,1.2107228380865556,0.7748535343976739,0.7501089133907427,0.0,0.8566577314674866,0.0,0.7577810127175089,0.42168870911534073,0.0,0.0,0.3940579748357737,0.0,0.41475569291073744,0.0,1.0501986332368791,0.0,0.28546979606331085,0.0,1.2479562148344827,0.7748330063851561,0.0,0.0,1.2960513861169642,1.5631285705314855,0.0,0.0,0.0,0.0,0.6855994036286582,0.0,0.7202390615291816,0.0,0.0,1.0000000000000002
2015-11-30,0.8384333052239661,0.0,0.0,1.4084915832859624,1.5503888063697666,1.1618239215316908,1.2182591893687849,0.6485583682775207,0.8546583786605522,1.549767011813914,0.11293841115111117,0.0,1.1944999437850445,0.0,1.1021475363629833,0.9834490450578166,0.0,1.1416416099767432,0.7253840627650521,0.8188638789438833,0.0,0.8055847833716876,0.0,0.6925667661930105,0.6514970125659314,0.0,0.0,0.46097433151587164,0.0,0.4002494738646488,0.0,0.8810549335856389,0.0,0.3106391301523654,0.0,1.1020118860986152,0.8580179333237964,0.0,0.0,1.3014076061347417,1.3276913562929011,0.0,-0.022385782936054824,0.0,0.0,0.7108766155830377,0.0,0.7200775245820882,0.0,0.0,1.0000000000000002
2015-12-31,0.8372387244702995,0.0,0.0,1.4242497724658114,1.5778771284326514,1.1893798695385134,1.1934890116630497,0.6243622512010981,0.852976648513323,1.5128131445598623,0.15493191906606324,0.0,1.2011103816828836,0.0,1.07046057791387,0.9106279375948414,0.0,1.1745392136531112,0.6932679916743689,0.8283904067521859,0.0,0.783704186936105,0.0,0.6292677214441035,0.6693951523077968,0.0,0.0,0.4076556329205662,0.0,0.43453992697427135,0.0,0.8570749050635065,0.0,0.306012696237162,0.0,1.0715101972178147,0.9123380788981308,0.0,0.0,1.3592843183345118,1.2884799856502727,0.0,0.02786230980925506,0.0,0.0,0.7150772790411704,0.0,0.7387174261773426,0.0,0.0,1.0
2016-02-29,0.848839250874366,0.0,0.0,1.563539956903818,1.5983029288932276,1.2418620087621843,1.199099078543453,0.607716982075788,0.8175754990736619,1.530491046568006,0.2630775209953755,0.0,1.3144658132396865,0.0,1.0957441151368899,0.9926341951658455,0.0,1.1621089285855801,0.7582862911128623,0.7741351875884135,0.0,0.7995927365010783,0.0,0.6617474411001072,0.8032934796589188,0.0,0.0,0.41903570421334724,0.0,0.39912055184004713,0.0,0.8387424806735763,0.0,0.26467832534393154,0.0,1.1198544594132311,1.0447380747759472,0.0,0.0,1.391886680789435,1.3096989561594592,0.0,-0.0036007201747718697,0.0,0.0,0.5968811488639829,0.0,0.7563433639178454,0.0,0.0,0.9999999999999998
2016-03-31,0.830396144483478,0.0,0.0,1.5979313293879054,1.6137976113518822,1.2658499213577241,1.2042374477201805,0.587496755451563,0.8018165732328963,1.5396219761645555,0.2803701993705139,0.0,1.3215395276231843,0.0,1.1022476146015185,1.0055803511866246,0.0,1.140144236774819,0.7612183429664388,0.7663505495576262,0.0,0.800379416598254,0.0,0.6825793739477047,0.8175292357476267,0.0,0.0,0.4207748459051202,0.0,0.451860390002466,0.0,0.8392107740726893,0.0,0.2701760733904806,0.0,1.1360139406159748,1.0565259034842929,0.0,0.0,1.4040739953930466,1.3139159141946581,0.0,0.08392459007057909,0.0,0.0,0.5875889660880502,0.0,0.7583480351188838,0.0,0.0,1.0000000000000002
2016-05-31,0.8427612615364839,0.0,0.0,1.6695973213640962,1.7366037925806426,1.320893593315513,1.1920201544411753,0.5361514398751556,0.7470528544532103,1.5448261082436483,0.30830705547546433,0.0,1.2983263951387056,0.0,1.078259626546135,1.0626606215674608,0.0,1.0097121429426466,0.731600772627481,0.7279429948635026,0.0,0.8052994638604165,0.0,0.6519197256317502,0.7812070015501331,0.0,0.0,0.3984758442842129,0.0,0.47349707591104434,0.0,0.8266238062474318,0.0,0.20286082452016485,0.0,1.0848687586233519,1.044976074464473,0.0,0.0,1.4540219288298841,1.267017133010183,0.0,0.13207035969108655,0.0,0.0,0.651221880397986,0.0,0.7844039362934557,0.0,0.0,1.0000000000000002
2016-06-30,0.8932028237450254,0.0,0.0,1.7847861855570906,1.8015929944874554,1.429580492839938,1.2106759071133777,0.45182202222454504,0.7341854348424087,1.4932810162305592,0.3844339382099045,0.0,1.250710089904299,0.0,1.0582828460349791,1.1154067762618332,0.0,0.9552104108585455,0.6943386628879414,0.6596620205147303,0.0,0.8358593909000902,0.0,0.6432286531727213,0.8666634641527261,0.0,0.0,0.3127562663672111,0.0,0.5060483154912129,0.0,0.8058707224980531,0.0,0.20604646965369733,0.0,1.0742936948376354,1.0231439784107765,0.0,0.0,1.5389872219063156,1.2497907293743131,0.0,0.22099583678144638,0.0,0.0,0.6515221766461387,0.0,0.8005643992650484,0.0,0.0,0.9999999999999998
2016-08-31,0.8037070951671972,0.0,0.0,1.5964819144362545,1.8094188389629424,1.3535231511421095,1.1676831190999462,0.35822667301091454,0.7446870708116885,1.4829950917294623,0.4604311843270046,0.0,1.2841903817617517,0.0,1.1162311754683487,1.228805444676299,0.0,0.9203285686720898,0.6902277458533985,0.6320171963939709,0.0,0.6987531337764988,0.0,0.6562184255453025,0.8658046238471427,0.0,0.0,0.3525743959793462,0.0,0.6491146783460985,0.0,0.7853696728673488,0.0,0.21409344346962442,0.0,1.090969946806449,0.9460323494716918,0.0,0.0,1.5079337027512927,1.3963635142871595,0.0,0.286181660089615,0.0,0.0,0.7509073113070228,0.0,0.8009292582136984,0.0,0.0,1.0000000000000002
2016-09-30,0.8262900488901469,0.0,0.0,1.6119289593606192,1.7899993828825116,1.353319299815489,1.1794557442394145,0.33490298721128664,0.7550378012538339,1.444680437099329,0.4981921015744718,0.0,1.2983563091130108,0.0,1.14177847133853,1.1875730244210234,0.0,0.9154516952134321,0.6785945513422451,0.6159011529348447,0.0,0.6986780965160901,0.0,0.6622359734741896,0.8799864747058844,0.0,0.0,0.3924085921683013,0.0,0.6744576580675359,0.0,0.7896040847983374,0.0,0.20110862725301568,0.0,1.0696838629733487,0.9911243667161179,0.0,0.0,1.5735675589950282,1.3392372293665815,0.0,0.3259321756649969,0.0,0.0,0.7287323089635902,0.0,0.8140837469839095,0.0,0.0,1.0000000000000004
2016-10-31,0.8802467223550057,0.0,-0.04210759142078898,1.5957091607295169,1.8257299009456205,1.3277786053829204,1.087187203630982,0.3029401033621286,0.7585172692922393,1.4504769004683262,0.5279386298837476,0.0,1.2346665070595233,0.0,1.1542147047556481,1.1965189216411474,0.0,0.8862985903443764,0.6479722930170372,0.4804482278134439,0.0,0.674131679813657,0.0,0.6512846337132268,0.8918805975276214,0.0,0.0,0.41738833670692693,0.0,0.7164533850395655,0.0,0.7706374265036361,0.0,0.17559448412163875,0.0,1.023119179819403,0.9626927922290285,0.0,0.0,1.616261786886684,1.3174199602901147,0.0,0.3402560974799488,0.0,0.0,0.741591656593434,0.0,0.85120666168396,0.0,0.0,0.9999999999999999
2016-11-30,0.8263919830702923,0.0,-0.03184894903573153,1.531347314679928,1.8688064085988059,1.2755283069735097,1.129286788350648,0.2785855433691965,0.770545996363575,1.4574421622371365,0.5563744671122524,0.0,1.224287150701387,0.0,1.2180531771999454,1.2274461508201169,0.0,0.8945263604853612,0.6580848045977903,0.4749054200003165,0.0,0.6369272817185876,0.0,0.668161489059865,0.903126207150056,0.0,0.0,0.4406280164971841,0.0,0.6829428090459647,0.0,0.7626166115104634,0.0,0.16875905570317498,0.0,1.0381596144119043,0.9467438362821123,0.0,0.0,1.5950078127697456,1.3255430843767784,0.0,0.38381425622281684,0.0,0.0,0.7565579907184707,0.0,0.8524114811870895,0.0,0.0,1.0000000000000004
2017-02-28,0.5737158445737276,0.0,0.3349798075975809,1.4794682117260975,1.8089332862062628,1.2109993016497889,1.140115323206848,0.37119305316380646,0.7959215699540987,1.384119660514477,0.800963698844101,0.0,1.3301045737720898,0.0,1.1666899376571034,1.285321262369957,0.08964405106328212,0.9678943485464349,0.5905308481598112,0.4134623947240123,0.0,0.4469310744458331,0.0,0.6227608969195891,1.0792347068813466,0.028771552461579065,0.0,0.4047115534654484,0.0,0.7257703086693278,0.0,0.6635438991463816,0.17072119878439507,0.1459291261722642,0.0,1.01919055654819,0.9923291244559802,0.0,0.0,1.5428856523158454,1.3563468664185139,0.0,0.7654133555478123,0.0,0.012506307801658319,0.9047825768904243,0.0,0.8980262107783926,0.0,0.0,0.9999999999999999
2017-03-31,0.560937032254073,0.0,0.3248071972152211,1.4620164550686359,1.7186217423050838,1.2060576465650805,1.1486819201513843,0.3853661988138616,0.794233100547881,1.4331640642475398,0.8195078897325044,0.0,1.3092377514594018,0.0,1.1323071563846918,1.3015638462695622,0.08376444766930013,0.8915323903661664,0.6375705867894164,0.3717375473060009,0.0,0.446340900429121,0.0,0.6604916625160158,1.0285386809863462,0.05835447572207222,0.0,0.4570988894490132,0.0,0.7610462426284544,0.0,0.6486363694914271,0.2073831021131078,0.11379689825398562,0.0,0.985850482706268,1.0098931176483252,0.0,0.0,1.516970583180794,1.3084943598910352,0.0,0.779367380351202,0.0,0.004050043976180008,0.9132410725611628,0.024667382651634037,0.9266993186316007,0.0,0.0,0.9999999999999997
2017-05-31,0.5975369827040798,0.0,0.3936331372308688,1.5062477057076031,1.6389990774543743,1.269198013809227,1.1375185077581156,0.4135387423572277,0.7092078041371811,1.5531433505140348,0.6873078183748751,0.0,1.385993547402863,0.0,1.1810624742929994,1.4338367602528312,0.08826711749659558,0.8662544660254179,0.7824564042345952,0.33515878275840905,0.0,0.49357549819076246,0.0,0.749978987485523,0.9469054886291323,0.08115818179235748,0.0,0.5117712606405769,0.08260028980706684,0.8317621228236451,0.0,0.7183727391639914,0.2158924277192904,0.12927739875330435,0.0,1.0535766769790542,1.0249336475008726,0.0,0.0,1.5029749493508446,1.3326021094520104,0.0,0.8410293823028921,0.0,-0.0045672980063873915,0.903049433625593,0.04397731119239153,0.8310346183678344,0.0,0.0,1.0000000000000004
2017-06-30,0.6096387212833262,0.0,0.4089607407391009,1.5232420214078037,1.5867596272819369,1.279552191329666,1.1029725354412787,0.40667638319829547,0.700522030677901,1.6023551650234475,0.6118272946765219,0.0,1.3038139746406467,0.0,1.2025111374706243,1.506257203130387,0.07875562664377957,0.7910087812368582,0.8383815456513878,0.2953864786213374,0.0,0.5060437980262252,0.0,0.8311502877939206,0.9319604944900034,0.09565470534259564,0.0,0.5518897299075846,0.1173093551259838,0.7964050124889506,0.0,0.7385326597605402,0.2364202525302994,0.06900162969566655,0.0,1.0440210975694022,1.0261350284545163,0.0,0.0,1.4828779728551076,1.334547473239682,0.0,0.7162531341796634,0.0,-0.01256296812149326,0.9104228389779111,0.05129441774336918,0.8227762619315454,0.0,0.0,0.9999999999999997
2017-07-31,0.6716176413637128,0.0,0.5096949637035207,1.4387689577264178,1.525505242125404,1.3093369682792841,1.1159697485009303,0.45109469379152367,0.6556326508706015,1.577631978374437,0.5533151747008965,0.0,1.3004610462524167,0.0,1.1472109764417566,1.4051558817176886,0.09118476297554887,0.6355100685601646,0.6658346655190511,0.2546894710982303,0.0,0.539486137685715,0.0,0.8070543926773315,0.8138391029575561,0.11204336701141102,0.0,0.5691305520124161,0.21740804113697157,0.9533488257778694,0.0,0.732019755706612,0.24887101503210193,0.054624022673237516,0.0,1.0331379901647404,0.899576595633108,0.0,0.0,1.467817334126303,1.2852197755543773,-0.03119094286124306,1.0407140383286158,0.0,0.04518443305728589,1.1352387717480505,0.07636992496025505,0.8381303910157458,0.0,0.0,0.9999999999999999
2017-08-31,0.6945178009886912,0.0,0.5697119242933925,1.4693160735300075,1.4552328708315736,1.3292768110586595,1.1757105417166789,0.48590206459992347,0.6730408121383901,1.534175754659869,0.5381975718310353,0.0,1.313757583038751,0.0,1.1910610480788852,1.4303602998129463,0.11976399272568373,0.6338347442620189,0.6399567621306308,0.21719063680943462,0.0,0.6278374624178779,0.0,0.7890469525067958,0.7940211075916561,0.12366733069386338,0.0,0.5553634803835813,0.2801338663255322,0.9713383416963757,0.0,0.7765842638853474,0.34892877886868395,0.11858427861335034,0.0,1.0399938365027774,0.8969421664876973,0.0,0.0,1.4498119406919823,1.3846535651584542,-0.02095670496496988,0.9750794126386748,0.0,0.08504708044054936,1.1964092597067553,0.09866534410473923,0.8112544486848626,-0.00047700604858896963,0.0,1.0000000000000002
2017-10-31,0.8599011987997108,0.0,0.67436657303071,1.4350128315509534,1.2223033785657464,1.3271668103809326,1.3192043322994926,0.58261572591703,0.7438626326761005,1.4608709724378623,0.5517725473488181,0.0,1.4406951680212814,0.0,1.2327988077590324,1.2886825626253304,0.20989280823607204,0.7293299526567264,0.6246729819517419,0.16836123835175107,0.05518381969998341,0.6979455521436306,0.0,0.8509258475749827,0.9050057637876923,0.14781452288729457,0.0,0.5379944827186862,0.37867536648839706,0.9468150009235379,0.0,0.8064942447185254,0.46777168181574724,0.15081342662593,0.0,1.149722803058673,0.9570010637568005,0.0,0.0,1.5108002148773232,1.5638078214088933,0.01604722121843721,0.9908778480659723,0.0,0.1272784074688537,1.116643869252841,0.19985753803036385,0.7960073535892582,0.05660525495670896,0.0,0.9999999999999999
2017-11-30,0.9021412461106411,0.0,0.7777517678783802,1.4641822238685003,1.2494673282389,1.3944295222200336,1.2658793315039545,0.6731632075755648,0.7607204936405527,1.4174737084598765,0.5421351908319805,0.0,1.4538356851777734,0.0,1.119385131210705,1.1815093326444632,0.4261469047650751,0.6795401237653743,0.5534246267962405,0.1338377010528805,0.08847677638290868,0.69970618711797,0.0,0.956248098578584,0.8814377020449502,0.13436722308999757,0.0,0.5243059470593033,0.4998391593774296,0.9943804861143719,0.0,0.8809682265345462,0.5767089478004152,0.09906778171957979,0.0,1.0874808017536344,1.0119936872449597,0.0,0.0,1.5585601791681682,1.5630541871921584,0.038113698659396886,0.9093942436138462,0.0,0.24316836105735495,1.0421665211979638,0.2887727961653431,0.8302065618177528,0.14491280853570584,0.19776640966710743,0.9999999999999998
2018-01-31,0.9798526623708324,0.0,1.1448533671474097,1.5486396907357283,1.3529657646331694,1.5206678609690711,1.405060345362057,0.6564449451060551,0.8539376650786767,1.4810760000469427,0.5357254913195689,0.0,1.4545283036694885,0.19963542587967642,1.1277285846690597,1.0234340784744282,1.0024089125190778,0.9297532718910279,0.45600387255374797,0.22750625061068716,0.1981933655548951,0.953985818274113,0.0,1.1105046596086956,0.7509287419511416,0.34330749749637757,0.0,0.40566301079135186,0.8899061677135978,0.7596964066111623,0.0,0.8925810579267732,0.8096872190314283,0.06065818823290394,0.0,1.2803078351343877,1.285334554599263,0.0,0.0,1.6235593339654462,1.0542225484256154,0.24102806639914043,0.9305393749248376,0.0,0.14465478953332206,0.8773117936188777,0.5791296350234421,0.915947088442588,0.5013882238106646,0.2720043534056773,0.9999999999999998
2018-02-28,0.9843590455200208,-0.07148663017770533,1.1395280468161193,1.539025634762497,1.381368566533162,1.5513018637106342,1.352511077510445,0.6556428536298979,0.967682768116642,1.6051620706544658,0.5607002769423659,0.0,1.206703494259491,0.4795224690695832,1.0165935584845625,1.0470196267833667,1.373531985343451,0.8368031593051068,0.5547991779191611,0.4021805873990737,0.56002002322618,1.07797741658892,0.0,0.9406092418332023,0.7284198651804585,0.23235499064366602,0.0,0.6279654343267258,1.190414858568221,0.8040574049374687,0.0,0.9756244035117012,0.7853407888676911,0.06278995993078958,0.0,1.311235821435911,1.1806121272049679,0.0,0.0,1.4191239132372173,1.1314038101280575,0.46456492330537563,0.8375783558600017,0.0,0.41184636087549864,0.9513125043864858,0.7850935029544999,0.7895546191219094,0.7357785048881498,0.6423860883720752,0.9999999999999998
2018-05-31,1.2534723910820607,-0.01910088321522679,1.0066614351420498,1.7564158126645588,1.32230066070434,1.775427783418922,1.5025853667468019,0.6068866274257987,0.8965014314964861,1.5324380993659696,0.7785565250014539,0.20190304022689376,1.3738382352482907,0.7526868302466979,1.0251036094973398,1.1217135956198439,1.4841535555989638,0.7442691302937007,0.4465740474143937,0.5302139581818831,0.9142104815472779,1.3580607509223361,0.0,1.0585998129096592,0.737019203884449,0.3904626090550691,0.0,0.6000113768784048,1.461297834310738,0.9112304929122762,0.35771305746106913,0.9448276204631321,0.7791545411418638,0.06392727258474938,0.0,1.4722768018926604,1.2038750195030783,0.0,0.21238756448819607,1.5002760285758348,1.1337890621125206,0.7349538224430604,0.8360389201916272,-0.08784383177611313,0.7319303066682155,0.9483706509977472,0.9067157757150809,0.6101265178692965,1.184692068443021,0.9162774052528034,0.9999999999999996
2018-07-31,1.3281254036840764,0.04415221277161434,0.7765497108669014,1.8029270324154643,1.323004317181332,1.7653569538708225,1.6141860341111698,0.5361628125090159,0.9273771876494235,1.596879914247631,0.8104150941416545,0.3100731501460932,1.5064789674852124,0.9365973828244367,1.1408273304720207,1.2638294228261233,1.5008834631699663,0.7089442842438614,0.3881355981241976,0.5377649894704108,0.9882535058274692,1.446201881768483,0.0,1.0000865859210493,0.9008789581867598,0.4477573329326359,0.0,0.6715964242901721,1.483952853491318,1.0669140994123008,0.4670120000196497,0.963202511742888,0.6737356918607474,0.12698563165713084,0.0,1.5489447599495438,1.3145757693523696,0.20736873049110932,0.2935859839869602,1.4881333838383601,1.1131291270599486,0.8660695076065117,0.7367622538835648,0.06467539720449449,0.8712429168735809,0.877801689512245,1.0515152894144824,0.588887005597651,1.3590915297020294,1.0113001370853474,0.9999999999999996
2018-08-31,1.3362950978414212,0.04704322188265426,0.7556739425871433,1.8293593733385651,1.323083374368983,1.7803602207909295,1.6003928238400753,0.5337980151153929,0.9213465582591893,1.619919190127292,0.8372583877094008,0.31683921997024045,1.5353974831918031,0.943262236660066,1.1532759531465295,1.2740744267936683,1.4653509246007177,0.6932872361024753,0.3615242316076779,0.5265895074246227,1.0094990406385458,1.4644732616586724,0.0,1.006194524307601,0.9106125504711761,0.42418476316140674,0.0,0.6613288869041147,1.5100466458509305,1.0762341145697776,0.47931507419015656,0.9756816328328992,0.6461583322265831,0.10696678678644465,0.0,1.5680709126341998,1.3118508053056224,0.2183994721542393,0.30381165271685495,1.4888759195211345,1.1211546930835439,0.8981442037768452,0.7388254041189857,0.08010743398496031,0.871324806330897,0.8664241735126195,1.052089004584062,0.5837287601821844,1.364266014393828,1.0183869603658486,1.0000000000000004
2018-10-31,1.3448451107472215,0.1167764423400161,0.7723480721026245,1.8266741473603099,1.273975107207733,1.7344160444307293,1.606182851689657,0.5234321130537452,0.9243537619130673,1.6252865616910754,0.9095244715299113,0.44299372337458764,1.4850290769573635,0.937540886174953,1.1084270846940458,1.178101223813665,1.513148117781853,0.7052771155114135,0.34999666534926044,0.5762951486418615,1.0217177728364573,1.3983943049316299,0.0,1.0396688205359994,0.9608942143735995,0.42929713111323864,0.0,0.6713407522302766,1.4553030121645407,1.1318341883484524,0.5984913144268078,1.0003282605311128,0.6001285427625989,0.10502635246501606,0.0,1.5278715995391918,1.2631767744571807,0.366935461916622,0.4050925007033439,1.4449815374124597,1.061172473264984,0.9630851731588976,0.8133888014274622,0.24178000689333543,0.913314777770603,0.8576939753300383,1.042226614718454,0.5777689097752804,1.4048941691625751,1.088226738877537,0.9999999999999998
2018-11-30,1.3519593507059982,0.14151071852508065,0.7502189430383985,1.807492007065532,1.2273171216248058,1.7322442784153527,1.594460274946918,0.5034935215004234,0.9246777551232175,1.6219111419183703,0.9083510570227091,0.4386078062178067,1.4939918260639933,0.9683806961138071,1.1106422533046334,1.177032107132042,1.5251500111686833,0.6895251059998055,0.3456547702311209,0.5750847688817212,1.0258330398176985,1.3779799243889124,0.0,1.051541097481096,0.9908063538056587,0.4083213905207326,0.0,0.6580888595039786,1.479051686010702,1.1525772293746066,0.6224443897541853,0.9893183716413947,0.5861036753332869,0.14377391357724356,0.0,1.5329183383859348,1.2441299325369584,0.3987141879298843,0.38493515319216287,1.4405658010209517,1.0263454220757233,0.9739352765172733,0.8263970132065409,0.2575596567614249,0.9225758219233515,0.8806513049248541,1.0397860123902671,0.591196538753093,1.4383364306907511,1.0929632114158103,1.0
2019-01-31,1.3616256060630685,0.18194260941648943,0.7264554706581992,1.7902549580835383,1.2280863995048243,1.7439562271786555,1.5961313768292604,0.49012612105889386,0.9460529071712593,1.6332824249715867,0.9350075116871468,0.44430608495300317,1.4708840122368156,1.0094898693785022,1.1342680180012392,1.2522639880949977,1.5473134513704943,0.6986480654594187,0.3487192261404617,0.5792123236346339,1.0381884028374844,1.3628834636260765,0.0,1.071537170945254,0.9972705871911922,0.4292436898774351,0.0,0.639907602307048,1.4852220155874647,1.1450381287150533,0.6597836803737971,0.99415024727538,0.5621688208240097,0.11597469008768284,0.0,1.5150879609015098,1.2465713797352844,0.4647070915448801,0.4407964471164738,1.4465047455872138,0.9698659459919997,1.0180079680745955,0.8433235350115277,0.29998674722190344,0.926836408264083,0.8475109437176717,1.0315601733863717,0.6166142493454643,1.4997786054009847,1.1496623687880265,1.0000000000000004
2019-02-28,1.3415491920232814,0.19124618852348982,0.6896310580781624,1.762318349932118,1.1940232713879657,1.7091930960608268,1.5720776115853001,0.4795838083693072,0.942392946437896,1.6048967038571815,0.9252648844972773,0.4145088762396085,1.4985878052654182,1.0025534498246917,1.1532133767993873,1.266946731962153,1.5341430857483347,0.7029632103128205,0.3706498716787404,0.5667923999391545,1.041883098939135,1.3409206301959615,0.0,1.0659620376255234,0.9907115073987895,0.4436110388610201,0.0,0.632772710989898,1.4803349520692384,1.135972926540337,0.6640592093513449,0.9913018700806313,0.556408541141843,0.09425022576277992,0.0,1.4943622657336642,1.2464911234258433,0.4665273450890657,0.43818703690884253,1.4382295312208306,0.9724141272673841,1.009014712322099,0.8442702334949929,0.34974869151631616,0.9173845266538827,0.8675598720090923,1.0154557181661823,0.6471991061968851,1.4965688976991596,1.175330696418257,0.9999999999999998
2019-05-31,1.316912913810531,0.20921712016437605,0.6491939773530129,1.7705984118870766,1.1858191346673355,1.7075881915292,1.6141541535241934,0.4827132567456896,0.9333245172902582,1.6348688856959568,0.915758131891686,0.44058299813678997,1.4998050398372937,1.034212233593614,1.174380121978217,1.3261682597316302,1.480653427544286,0.7084175312416415,0.4028830539111829,0.5990499373418078,1.0658740993448275,1.3399955519628193,0.0,1.0526181612960106,0.9708071307639919,0.4928335056099326,0.0,0.6899368230534699,1.4907537046828299,1.1369890569466985,0.7462191049997836,0.9625735258479724,0.5206716786618735,0.11643988837975362,0.0,1.5006412882397397,1.231618038675294,0.5291838462531235,0.4876930409576125,1.4053141247269214,0.9076874573320715,1.0520672635622184,0.8373341608135223,0.4487191921122258,0.93094987362676,0.8686177897993852,0.9436155806075002,0.6193230645852552,1.5083377344485964,1.1967498843401525,1.0
2019-07-31,1.3977449400025765,0.2839615911688418,0.5019772017684097,1.8058490604180846,1.0683480805379457,1.6982319947631304,1.6092435968830239,0.3951106554150826,0.8965309411889222,1.652102907764373,0.8987283661843726,0.5466417050508358,1.4853083820011683,0.9913530313750459,1.1736109367793912,1.3460635671161798,1.3612226383706603,0.7244108863100439,0.3498379340268729,0.4954482280184545,1.0541296279112027,1.3401623997308938,0.0,1.0979005878272614,1.0820895191521431,0.5349235525922724,0.0,0.6686424554470795,1.475728695503436,1.241165439329884,0.8813096303345191,0.9642493895438887,0.4947311676911793,0.13106098678854902,0.0,1.4718007580684964,1.2431914248177272,0.6656918863698982,0.5735767087607474,1.373482381836967,0.8741844805439277,0.986711914890421,0.8305495380397132,0.5974271626034545,0.9659653043203409,0.8916806124279688,0.8787075157332523,0.6162433134826303,1.5259292479777349,1.2654472924070113,1.0000000000000002
2019-09-30,1.3717203087852772,0.26561244117283905,0.4944045605104483,1.814174044526067,1.0913022673590635,1.6356582305505563,1.6334848444050873,0.41558343493041733,0.9085560593056718,1.6098930745297972,0.9459884967138112,0.5727276907156749,1.6016347665372699,1.0839523185564928,1.2405927042089813,1.4091145328649648,1.3438434554517604,0.6773924234381695,0.34005634786924305,0.5642675924264827,1.0650758362483779,1.3167054632303838,0.0,1.1057774532531695,1.144547403436625,0.5809274308989532,0.0,0.6704275934620438,1.3966659858665933,1.2481238286977143,1.0092456499178193,1.0172084780487083,0.503636345000146,0.07545183303672096,0.0,1.47133938348366,1.2384818184663116,0.7816351638077782,0.6601236921499611,1.3690884680880486,0.8143081708410108,1.0461250344065989,0.815458348810842,0.7432430352986139,1.0697970755807817,0.8137882815417004,0.9001667706606629,0.6698725132020397,1.500632118217876,1.3007722534771393,0.9999999999999996
2019-10-31,1.394930180678913,0.4712444340181403,0.3685268358393428,1.8267315867558493,0.9661640629162062,1.607126782614653,1.6861556487011813,0.3307400607845825,0.9957458896237171,1.6502603991729117,0.995471955772507,0.7116591014093456,1.750229524258381,1.1244604220050436,1.3128423057624172,1.483798339253135,1.4040028408545073,0.7359421300824173,0.3175011500242656,0.5729620077354743,1.050462813018796,1.2776433790501862,0.0,1.029573366565143,1.241906340222838,0.5989457782348215,0.0,0.6698449911659056,1.4166111355830595,1.3106745065300531,1.0434975977391996,1.1103791286257454,0.38369761438098793,0.12899700331632627,0.0,1.509482999386597,1.3053697760769032,1.0062464513750609,0.6996822774730198,1.3655060024124164,0.7507499862011818,1.0969041830481294,0.910364858738756,0.9426579355858595,1.084743721671117,0.7784687164306188,0.956463282426172,0.7224922602604698,1.511323601882437,1.3735176957387847,1.0000000000000004
2019-12-31,1.1186434260248987,0.33759876020305185,0.35870128865822754,1.627458315828965,0.7926979455632497,1.4206162279650671,1.3810574231708839,0.3356211537439678,0.9409835210545846,1.642305943533278,0.8242682055888286,0.5718771748347997,1.6305326533168985,0.8750363590850959,1.064023398773961,1.2426932289459067,1.2317628114517325,0.6981115457400012,0.39209596703213095,0.4374145527665101,0.8497864816076519,1.030738121561809,0.0,1.1632962696745233,1.1255381592449796,0.5726956130469727,0.0,0.6313758132421994,1.3034523000954024,1.150760118774543,1.0780436809495362,1.0571037293097645,0.3765798055998493,-0.052473387581176964,0.0,1.3014720107393367,1.100894095309002,1.176791810475353,0.6460122192787128,1.2878880794140524,0.5221128460388571,1.0063919129773917,0.8321170286663228,1.3606337361050533,0.8575271823494226,0.9222516118718801,0.6439967904898496,0.8214007579465707,1.3092573009343769,1.4071623644812872,1.0
2020-01-31,1.1366836703210759,0.4167882992936705,0.37928653947334634,1.5956072083026278,0.8546433217338487,1.4152879510160654,1.3958439759246446,0.28767174040691473,0.9773689869322376,1.549895999907331,0.7629572969381633,0.7834069345436804,1.6506780690337441,0.8969549553748383,1.0966925424230092,1.2791996081473034,1.2952669096585685,0.7080921017204369,0.38815758331429706,0.4621016567332237,0.9245217016087488,1.0579931475676063,0.0,1.170366837941322,1.139344741133982,0.5713087262850494,0.0,0.5767746628526964,1.2570823840793917,1.1627596655617154,1.1050407820299137,1.064510722065853,0.4385138583304507,0.044465331004237295,0.0,1.3102940938913632,1.1078874851366793,1.267656159258044,0.6723382302075493,1.2908591196407557,0.49102057931168674,0.956161211644883,0.7894749076722677,1.3119039197480373,0.8304055916344141,0.8612049150562671,0.6593312687088723,0.9020893118255199,1.3255631597926163,1.4380304840053373,0.9999999999999998
2020-03-31,1.1915225579476447,0.953629479447599,0.43011663895757274,1.4516664171912992,1.0341109399909187,1.3551403108769877,1.3361542885107176,0.18259364846224657,0.9671076925112395,1.3273921634095567,0.6528518272941115,0.6103462978739571,1.4636493141993825,1.0118849507327972,1.0404638973827294,1.2660462502789438,1.1947511168976288,0.7986414021182009,0.5005337172335371,0.5642803139957235,1.1637803296482714,1.1132494353108748,0.0,0.7280170349163579,1.186812663900809,0.34703429856320245,0.0,0.35697580576159393,1.1890478460552694,1.1927012477144647,1.104449481742842,0.9444679352300622,0.7118273594852838,0.13014443530584954,0.0,1.2420180309469628,1.1142189734218833,1.2326269757794426,0.557899965597832,1.2561724354472665,0.24335711684658423,0.9340367959975894,0.811644733363982,1.2973886002227148,1.0853169256155093,0.9955785528712284,0.6590787652347714,0.91642319272497,1.3202488138593953,1.3685617750819339,0.9999999999999998
2020-06-30,1.1448813539689526,1.0495244319960675,0.5309047483165995,1.3867361143534844,1.274482820612685,1.3079052024773463,1.3399031731990638,0.17829853178535776,0.969507648883126,1.2312750614747099,0.6817386343704398,0.7807869254924247,1.5754554255634081,0.9753083642635296,1.0898624833566024,1.309836136068687,1.1610764473673887,0.8835432075422929,0.6949128910660645,0.5809551784778774,1.2078654761838754,1.1701018354999886,0.0,0.7664894435599956,1.2180760029280897,0.27557421274880195,0.0,0.32555127650694454,1.0835880712003494,1.216561517568282,1.073434584518266,0.8756162542540757,0.9015547179005875,0.14330318614639387,0.0,1.3682801125914081,1.1013030273369355,1.222378220908031,0.6382132196869978,1.1481600705149158,0.217451885165045,1.1293005768261606,0.7167925041552243,1.2529124243113552,1.0528340829613079,1.0440580549924814,0.5940003570063362,0.8815235362068718,1.2860060266851774,1.3998862886826906,0.9999999999999993
2020-07-31,1.1528140923951902,0.9474024422516032,0.6186514444975796,1.3965664507121134,1.2843582152680626,1.3138754685370395,1.3357376151975964,0.17323864198914352,0.9755683600849581,1.2599986467035131,0.7008863501919517,0.8551168046017258,1.5570423650396426,0.9919132850489706,1.056071433928953,1.3275203102304054,1.1770704754334136,0.8962831793035229,0.6728334305554088,0.6287663763669327,1.2917310325916345,1.189560833350718,0.0,0.7635868102234062,1.2267138192706961,0.2570686703857765,0.0,0.32730263337991633,1.065664557305443,1.227559756846642,1.0675383679283983,0.8239218340674034,0.9559188389391451,0.21519750900243537,0.0,1.3774499518984946,1.1276439733672596,1.2399448875759074,0.7218260104085916,1.0876478605723974,0.22608045360614892,1.1451146172966766,0.7178861443543263,1.2720588635216217,1.1214070582504538,0.9654755025036645,0.6169028068024274,0.9396920385106173,1.304103443446813,1.3475546222466792,0.9999999999999993
2020-08-31,1.154345697155009,1.0054298374603008,0.6426765995314642,1.3909370072147413,1.3524333681176715,1.331094002647092,1.3501706935986721,0.16387986663581217,0.9827119890016227,1.2738000045306928,0.7319169590568282,0.880440572374431,1.5287894129044288,1.017234121266169,1.0685277966476738,1.323076621441023,1.18480749334093,0.9198344737849466,0.7091531423357024,0.6465873643130867,1.2952228742963363,1.1953914982102432,0.0,0.789011243533054,1.2535535046125121,0.21528346941089216,0.0,0.3016965729972929,1.0807152561019935,1.2475775095069015,1.0913738170874976,0.8381550126876901,0.9713549141796677,0.2175566917115759,0.0,1.4022146538656028,1.1387655288742042,1.2628997922096872,0.7291469512750494,1.082249085148366,0.21636867239612306,1.2062734383499554,0.6921348692579854,1.205324665696904,1.1326816562458768,0.9552846423867919,0.6294112103437586,0.922971928967535,1.3239429866800478,1.3225895281777076,1.0000000000000004
2020-09-30,1.1553322086528084,1.0096882807416474,0.654991874945065,1.401119388866214,1.3870842117638373,1.330617023440895,1.3384250100628714,0.17266381273558978,1.0021030227966818,1.2696243907227158,0.7440990135993981,0.9125865348006823,1.5159806280434762,1.0332618677321292,1.0764459398684634,1.3464826458591754,1.1846995042565711,0.9041455047831183,0.6845075642533824,0.6516317175540411,1.3239178083666387,1.2069381948556313,0.0,0.7893721692562431,1.2742622602890779,0.2027081209272189,0.0,0.2804173729807531,1.0646118794376356,1.2640050027399667,1.0892445435450318,0.8240016813628366,0.9725468162153384,0.22330819068917096,0.0,1.3946748096700239,1.1485800499561716,1.2842552340054039,0.728576428852131,1.0931869925066744,0.2004594055114271,1.225532384939048,0.7035820763512237,1.1762558141810673,1.140971680385141,0.9556301517687386,0.6558217092287972,0.9260160932081184,1.3332002610889797,1.3084423648554717,0.9999999999999997
2020-11-30,1.1688864264790002,0.9714629515621873,0.6460647612881456,1.3713689332083139,1.4152561746422359,1.3278398551949802,1.3545436208344368,0.18523738461686295,0.9998495107259489,1.2296327974405015,0.7736070175973493,0.9501585591467543,1.5104290626459709,1.055579448029141,1.0887803499199327,1.3292281041425835,1.1671475828672375,0.9059667828235385,0.6629247887288217,0.6565639526789366,1.2509187875884198,1.1948296336744608,0.0,0.8311528197326112,1.281176508579362,0.17520693905905757,0.0,0.25648946277757684,1.033761066919268,1.255061205277769,1.0755117338332538,0.8032042321705618,0.9698014273454327,0.22698392399152834,0.0,1.39030119603802,1.1377779715888425,1.2637657785436658,0.7572553577427905,1.1005977473101105,0.2149654536768901,1.2446652899579624,0.6700678124125534,1.1729747695388266,1.1291479947308187,0.9968719739385424,0.6501196933183978,0.9006476997141699,1.3603646049826388,1.289391874829544,0.9999999999999989
2020-12-31,1.1647527606009094,0.9227698686430191,0.6551478032148754,1.3829564903555602,1.4421011687377956,1.3158225610873204,1.3744132987013942,0.1863155243408011,0.9910585540343704,1.2017855820268626,0.7655184267875139,1.0061564682623438,1.5580223607119479,1.0784442474362546,1.1011990763075135,1.3282246625629968,1.1863293987275587,0.9137211924110469,0.6533777809947131,0.695824356506721,1.2569681286201115,1.2011443933016042,0.01874506120062992,0.792020372346802,1.2673488896175498,0.16879876435402932,0.0,0.2843729831929614,1.0451072185266554,1.2638483799648943,1.100482747200373,0.7941211357007394,0.9530527276388912,0.22055432920125612,0.0,1.459256694090426,1.1403626778216989,1.2841212137724487,0.7949165725147969,1.0927312010466972,0.21807483225275676,1.3019342645506575,0.663857357427947,1.156788307671008,1.136117459006629,0.9848665186053756,0.6736441980311686,0.8884715287855847,1.383580352826628,1.295378170815024,0.9999999999999991
2021-03-31,1.116219061441361,0.9800839729978839,0.61986837534929,1.2989377446156833,1.360188130389447,1.2895264401528261,1.364197428569338,0.20959516425513036,1.0319769949905457,1.1501748583819098,0.8897173937531293,1.0595471111962946,1.4607535837364396,1.1095462870178396,1.0978417823254119,1.3110177557918123,1.159380877751622,1.05311952312486,0.678917061863408,0.7710072753986374,1.2043715432830415,1.2443729330942477,0.25615097105584894,0.8417787678633574,1.168066334022431,0.2510782917594958,0.13542142082013292,0.36771308837943756,0.9922327498869765,1.2115517947057572,1.1153525631662937,0.8002445969531616,0.8534732710202029,0.29550367725633964,0.020857377553659167,1.4265570013823168,1.2481136629878216,1.2804684748800212,0.8882652346512956,1.0560315130891595,0.28240914755014956,1.1839251445335348,0.6540004913832773,1.1448052791857013,1.053961002877255,1.0000567697657632,0.7054449225345432,0.9014174503768012,1.3941397186603566,1.241198172036904,0.9999999999999998
2021-05-31,1.1103950285319282,0.9565679534014337,0.5824968877179161,1.3220810224259965,1.34872459030547,1.3044761845539528,1.3589168058661776,0.26974967574726366,1.0282281650132186,1.1375940558784943,0.895666620415396,1.0835679157189815,1.4858705167652348,1.1054660315517895,1.1274698524359337,1.2864112853593084,1.1310871145736445,1.0709594810072858,0.657864475164819,0.7931189960419774,1.1959980158662664,1.2617498348223248,0.32433042583077076,0.8849356835243916,1.1385870485114842,0.209845223045701,0.21564349467910374,0.37730822114861007,0.9859224081729124,1.1895366864948347,1.1150064726453497,0.8000367672848039,0.8152378269655088,0.31753006768056236,0.02216031498427362,1.4827585427343661,1.281391541158913,1.280893005959396,0.9254066155970272,1.0463316100156708,0.2791499772208632,1.2122559725306816,0.6449307520935125,1.1493404432008485,1.0384771782364233,1.003419179926194,0.6927220177162696,0.8998185576116065,1.329997456900041,1.2530016143856355,1.0
