,symbols,fromDate,toDate,status,ts
0,VIC,2015-01-01,2015-12-31,Success,2021-06-05 10:12:02.721503
1,VIC,2016-01-01,2016-12-31,Success,2021-06-05 10:12:03.161230
2,VIC,2017-01-01,2017-12-31,Success,2021-06-05 10:12:03.543871
3,VIC,2018-01-01,2018-12-31,Success,2021-06-05 10:12:04.011059
4,VIC,2019-01-01,2019-12-31,Success,2021-06-05 10:12:04.422254
5,VIC,2020-01-01,2020-12-31,Success,2021-06-05 10:12:04.808273
6,VIC,2021-01-01,2021-12-31,Success,2021-06-05 10:12:04.975152
0,VIC,2015-01-01,2015-12-31,Success,2021-06-05 10:15:06.160740
0,VIC,2016-01-01,2016-12-31,Success,2021-06-05 10:15:06.491356
0,VIC,2017-01-01,2017-12-31,Success,2021-06-05 10:15:06.807167
0,VIC,2018-01-01,2018-12-31,Success,2021-06-05 10:15:06.946346
0,VIC,2019-01-01,2019-12-31,Success,2021-06-05 10:15:07.321136
0,VIC,2020-01-01,2020-12-31,Success,2021-06-05 10:15:07.644141
0,VIC,2021-01-01,2021-12-31,Success,2021-06-05 10:15:07.916577
0,VIC,2015-01-01,2015-12-31,Success,2021-06-05 10:15:24.598930
0,VIC,2016-01-01,2016-12-31,Success,2021-06-05 10:15:24.899078
0,VIC,2017-01-01,2017-12-31,Success,2021-06-05 10:15:25.232260
0,VIC,2018-01-01,2018-12-31,Success,2021-06-05 10:15:25.574632
0,VIC,2019-01-01,2019-12-31,Success,2021-06-05 10:15:25.936327
0,VIC,2020-01-01,2020-12-31,Success,2021-06-05 10:15:26.301704
0,VIC,2021-01-01,2021-12-31,Success,2021-06-05 10:15:26.603838
0,VIC,2015-01-01,2015-12-31,Success,2021-06-05 10:16:18.061092
1,VCB,2015-01-01,2015-12-31,Success,2021-06-05 10:16:18.161027
2,VHM,2015-01-01,2015-12-31,Success,2021-06-05 10:16:18.450895
3,BID,2015-01-01,2015-12-31,Success,2021-06-05 10:16:18.761069
4,CTG,2015-01-01,2015-12-31,Success,2021-06-05 10:16:19.121656
5,TCB,2015-01-01,2015-12-31,Success,2021-06-05 10:16:19.421373
6,VNM,2015-01-01,2015-12-31,Success,2021-06-05 10:16:19.771072
7,HPG,2015-01-01,2015-12-31,Success,2021-06-05 10:16:20.096238
8,VPB,2015-01-01,2015-12-31,Success,2021-06-05 10:16:20.392069
9,GAS,2015-01-01,2015-12-31,Success,2021-06-05 10:16:20.916850
10,NVL,2015-01-01,2015-12-31,Success,2021-06-05 10:16:21.250571
11,MSN,2015-01-01,2015-12-31,Success,2021-06-05 10:16:21.589570
12,ACB,2015-01-01,2015-12-31,Success,2021-06-05 10:16:21.982136
13,MBB,2015-01-01,2015-12-31,Success,2021-06-05 10:16:22.369153
14,GVR,2015-01-01,2015-12-31,Success,2021-06-05 10:16:22.761691
15,SAB,2015-01-01,2015-12-31,Success,2021-06-05 10:16:23.063458
16,MWG,2015-01-01,2015-12-31,Success,2021-06-05 10:16:23.398733
17,VIB,2015-01-01,2015-12-31,Success,2021-06-05 10:16:23.693247
18,PLX,2015-01-01,2015-12-31,Success,2021-06-05 10:16:23.964132
19,VRE,2015-01-01,2015-12-31,Success,2021-06-05 10:16:24.261037
20,FPT,2015-01-01,2015-12-31,Success,2021-06-05 10:16:24.382367
21,STB,2015-01-01,2015-12-31,Success,2021-06-05 10:16:24.708048
22,VJC,2015-01-01,2015-12-31,Success,2021-06-05 10:16:24.924494
23,BCM,2015-01-01,2015-12-31,Success,2021-06-05 10:16:25.022202
24,SSB,2015-01-01,2015-12-31,Success,2021-06-05 10:16:25.117436
25,HDB,2015-01-01,2015-12-31,Success,2021-06-05 10:16:25.258681
26,BVH,2015-01-01,2015-12-31,Success,2021-06-05 10:16:25.354742
27,EIB,2015-01-01,2015-12-31,Success,2021-06-05 10:16:25.676878
28,TPB,2015-01-01,2015-12-31,Success,2021-06-05 10:16:25.978917
29,HVN,2015-01-01,2015-12-31,Success,2021-06-05 10:16:26.322141
30,LPB,2015-01-01,2015-12-31,Success,2021-06-05 10:16:26.626182
31,PDR,2015-01-01,2015-12-31,Success,2021-06-05 10:16:26.938017
32,MSB,2015-01-01,2015-12-31,Success,2021-06-05 10:16:27.243908
33,OCB,2015-01-01,2015-12-31,Success,2021-06-05 10:16:27.641011
34,SSI,2015-01-01,2015-12-31,Success,2021-06-05 10:16:27.943588
35,POW,2015-01-01,2015-12-31,Success,2021-06-05 10:16:28.222860
36,SHP,2015-01-01,2015-12-31,Success,2021-06-05 10:16:28.532566
37,KDH,2015-01-01,2015-12-31,Success,2021-06-05 10:16:28.834077
38,PNJ,2015-01-01,2015-12-31,Success,2021-06-05 10:16:29.136910
39,VCG,2015-01-01,2015-12-31,Success,2021-06-05 10:16:29.471284
40,HSG,2015-01-01,2015-12-31,Success,2021-06-05 10:16:29.773548
41,REE,2015-01-01,2015-12-31,Success,2021-06-05 10:16:30.077349
42,GEX,2015-01-01,2015-12-31,Success,2021-06-05 10:16:30.400873
43,KBC,2015-01-01,2015-12-31,Success,2021-06-05 10:16:30.707944
44,DXG,2015-01-01,2015-12-31,Success,2021-06-05 10:16:31.006104
45,KDC,2015-01-01,2015-12-31,Success,2021-06-05 10:16:31.339992
46,BHN,2015-01-01,2015-12-31,Success,2021-06-05 10:16:31.613849
47,VCI,2015-01-01,2015-12-31,Success,2021-06-05 10:16:31.895539
48,VGC,2015-01-01,2015-12-31,Success,2021-06-05 10:16:31.985448
49,HCM,2015-01-01,2015-12-31,Success,2021-06-05 10:16:32.304050
0,VIC,2016-01-01,2016-12-31,Success,2021-06-05 10:16:32.890472
1,VCB,2016-01-01,2016-12-31,Success,2021-06-05 10:16:33.197110
2,VHM,2016-01-01,2016-12-31,Success,2021-06-05 10:16:33.559131
3,BID,2016-01-01,2016-12-31,Success,2021-06-05 10:16:33.986768
4,CTG,2016-01-01,2016-12-31,Success,2021-06-05 10:16:34.368022
5,TCB,2016-01-01,2016-12-31,Success,2021-06-05 10:16:34.670650
6,VNM,2016-01-01,2016-12-31,Success,2021-06-05 10:16:35.141812
7,HPG,2016-01-01,2016-12-31,Success,2021-06-05 10:16:35.552707
8,VPB,2016-01-01,2016-12-31,Success,2021-06-05 10:16:35.663380
9,GAS,2016-01-01,2016-12-31,Success,2021-06-05 10:16:35.977966
10,NVL,2016-01-01,2016-12-31,Success,2021-06-05 10:16:36.281186
11,MSN,2016-01-01,2016-12-31,Success,2021-06-05 10:16:36.746127
12,ACB,2016-01-01,2016-12-31,Success,2021-06-05 10:16:37.060865
13,MBB,2016-01-01,2016-12-31,Success,2021-06-05 10:16:37.384555
14,GVR,2016-01-01,2016-12-31,Success,2021-06-05 10:16:37.731248
15,SAB,2016-01-01,2016-12-31,Success,2021-06-05 10:16:38.011251
16,MWG,2016-01-01,2016-12-31,Success,2021-06-05 10:16:38.348304
17,VIB,2016-01-01,2016-12-31,Success,2021-06-05 10:16:38.656112
18,PLX,2016-01-01,2016-12-31,Success,2021-06-05 10:16:38.801479
19,VRE,2016-01-01,2016-12-31,Success,2021-06-05 10:16:39.046003
20,FPT,2016-01-01,2016-12-31,Success,2021-06-05 10:16:39.357532
21,STB,2016-01-01,2016-12-31,Success,2021-06-05 10:16:39.691251
22,VJC,2016-01-01,2016-12-31,Success,2021-06-05 10:16:40.030839
23,BCM,2016-01-01,2016-12-31,Success,2021-06-05 10:16:40.140851
24,SSB,2016-01-01,2016-12-31,Success,2021-06-05 10:16:40.440920
25,HDB,2016-01-01,2016-12-31,Success,2021-06-05 10:16:40.746167
26,BVH,2016-01-01,2016-12-31,Success,2021-06-05 10:16:41.091004
27,EIB,2016-01-01,2016-12-31,Success,2021-06-05 10:16:41.401079
28,TPB,2016-01-01,2016-12-31,Success,2021-06-05 10:16:41.696210
29,HVN,2016-01-01,2016-12-31,Success,2021-06-05 10:16:41.981183
30,LPB,2016-01-01,2016-12-31,Success,2021-06-05 10:16:42.261286
31,PDR,2016-01-01,2016-12-31,Success,2021-06-05 10:16:42.684882
32,MSB,2016-01-01,2016-12-31,Success,2021-06-05 10:16:42.981201
33,OCB,2016-01-01,2016-12-31,Success,2021-06-05 10:16:43.270990
34,SSI,2016-01-01,2016-12-31,Success,2021-06-05 10:16:43.580767
35,POW,2016-01-01,2016-12-31,Success,2021-06-05 10:16:43.869695
36,SHP,2016-01-01,2016-12-31,Success,2021-06-05 10:16:44.241290
37,KDH,2016-01-01,2016-12-31,Success,2021-06-05 10:16:44.551161
38,PNJ,2016-01-01,2016-12-31,Success,2021-06-05 10:16:44.950818
39,VCG,2016-01-01,2016-12-31,Success,2021-06-05 10:16:45.318744
40,HSG,2016-01-01,2016-12-31,Success,2021-06-05 10:16:45.671197
41,REE,2016-01-01,2016-12-31,Success,2021-06-05 10:16:45.771498
42,GEX,2016-01-01,2016-12-31,Success,2021-06-05 10:16:46.121169
43,KBC,2016-01-01,2016-12-31,Success,2021-06-05 10:16:46.471206
44,DXG,2016-01-01,2016-12-31,Success,2021-06-05 10:16:46.790838
45,KDC,2016-01-01,2016-12-31,Success,2021-06-05 10:16:47.164057
46,BHN,2016-01-01,2016-12-31,Success,2021-06-05 10:16:47.591198
47,VCI,2016-01-01,2016-12-31,Success,2021-06-05 10:16:47.831030
48,VGC,2016-01-01,2016-12-31,Success,2021-06-05 10:16:48.170779
49,HCM,2016-01-01,2016-12-31,Success,2021-06-05 10:16:48.537643
0,VIC,2017-01-01,2017-12-31,Success,2021-06-05 10:16:48.735025
1,VCB,2017-01-01,2017-12-31,Success,2021-06-05 10:16:49.084665
2,VHM,2017-01-01,2017-12-31,Success,2021-06-05 10:16:49.191174
3,BID,2017-01-01,2017-12-31,Success,2021-06-05 10:16:49.596809
4,CTG,2017-01-01,2017-12-31,Success,2021-06-05 10:16:49.988785
5,TCB,2017-01-01,2017-12-31,Success,2021-06-05 10:16:50.271160
6,VNM,2017-01-01,2017-12-31,Success,2021-06-05 10:16:50.600933
7,HPG,2017-01-01,2017-12-31,Success,2021-06-05 10:16:50.971076
8,VPB,2017-01-01,2017-12-31,Success,2021-06-05 10:16:51.295873
9,GAS,2017-01-01,2017-12-31,Success,2021-06-05 10:16:51.631203
10,NVL,2017-01-01,2017-12-31,Success,2021-06-05 10:16:52.001130
11,MSN,2017-01-01,2017-12-31,Success,2021-06-05 10:16:52.206161
12,ACB,2017-01-01,2017-12-31,Success,2021-06-05 10:16:52.701034
13,MBB,2017-01-01,2017-12-31,Success,2021-06-05 10:16:53.030794
14,GVR,2017-01-01,2017-12-31,Success,2021-06-05 10:16:53.370249
15,SAB,2017-01-01,2017-12-31,Success,2021-06-05 10:16:53.721278
16,MWG,2017-01-01,2017-12-31,Success,2021-06-05 10:16:54.060997
17,VIB,2017-01-01,2017-12-31,Success,2021-06-05 10:16:54.470776
18,PLX,2017-01-01,2017-12-31,Success,2021-06-05 10:16:54.570876
19,VRE,2017-01-01,2017-12-31,Success,2021-06-05 10:16:54.701083
20,FPT,2017-01-01,2017-12-31,Success,2021-06-05 10:16:55.030848
21,STB,2017-01-01,2017-12-31,Success,2021-06-05 10:16:55.417919
22,VJC,2017-01-01,2017-12-31,Success,2021-06-05 10:16:55.821172
23,BCM,2017-01-01,2017-12-31,Success,2021-06-05 10:16:56.101235
24,SSB,2017-01-01,2017-12-31,Success,2021-06-05 10:16:56.475203
25,HDB,2017-01-01,2017-12-31,Success,2021-06-05 10:16:56.801013
26,BVH,2017-01-01,2017-12-31,Success,2021-06-05 10:16:57.140586
27,EIB,2017-01-01,2017-12-31,Success,2021-06-05 10:16:57.619893
28,TPB,2017-01-01,2017-12-31,Success,2021-06-05 10:16:57.910982
29,HVN,2017-01-01,2017-12-31,Success,2021-06-05 10:16:58.171027
30,LPB,2017-01-01,2017-12-31,Success,2021-06-05 10:16:58.285989
31,PDR,2017-01-01,2017-12-31,Success,2021-06-05 10:16:58.404605
32,MSB,2017-01-01,2017-12-31,Success,2021-06-05 10:16:58.481386
33,OCB,2017-01-01,2017-12-31,Success,2021-06-05 10:16:58.840953
34,SSI,2017-01-01,2017-12-31,Success,2021-06-05 10:16:59.211003
35,POW,2017-01-01,2017-12-31,Success,2021-06-05 10:16:59.531217
36,SHP,2017-01-01,2017-12-31,Success,2021-06-05 10:16:59.950947
37,KDH,2017-01-01,2017-12-31,Success,2021-06-05 10:17:00.351230
38,PNJ,2017-01-01,2017-12-31,Success,2021-06-05 10:17:00.696237
39,VCG,2017-01-01,2017-12-31,Success,2021-06-05 10:17:01.021241
40,HSG,2017-01-01,2017-12-31,Success,2021-06-05 10:17:01.501127
41,REE,2017-01-01,2017-12-31,Success,2021-06-05 10:17:01.901169
42,GEX,2017-01-01,2017-12-31,Success,2021-06-05 10:17:02.241349
43,KBC,2017-01-01,2017-12-31,Success,2021-06-05 10:17:02.670932
44,DXG,2017-01-01,2017-12-31,Success,2021-06-05 10:17:03.031433
45,KDC,2017-01-01,2017-12-31,Success,2021-06-05 10:17:03.355659
46,BHN,2017-01-01,2017-12-31,Success,2021-06-05 10:17:03.669142
47,VCI,2017-01-01,2017-12-31,Success,2021-06-05 10:17:03.909987
48,VGC,2017-01-01,2017-12-31,Success,2021-06-05 10:17:04.131418
49,HCM,2017-01-01,2017-12-31,Success,2021-06-05 10:17:04.452851
0,VIC,2018-01-01,2018-12-31,Success,2021-06-05 10:17:05.050780
1,VCB,2018-01-01,2018-12-31,Success,2021-06-05 10:17:05.170747
2,VHM,2018-01-01,2018-12-31,Success,2021-06-05 10:17:05.523028
3,BID,2018-01-01,2018-12-31,Success,2021-06-05 10:17:05.921000
4,CTG,2018-01-01,2018-12-31,Success,2021-06-05 10:17:06.231026
5,TCB,2018-01-01,2018-12-31,Success,2021-06-05 10:17:06.563773
6,VNM,2018-01-01,2018-12-31,Success,2021-06-05 10:17:06.993827
7,HPG,2018-01-01,2018-12-31,Success,2021-06-05 10:17:07.331341
8,VPB,2018-01-01,2018-12-31,Success,2021-06-05 10:17:07.991188
9,GAS,2018-01-01,2018-12-31,Success,2021-06-05 10:17:08.390944
10,NVL,2018-01-01,2018-12-31,Success,2021-06-05 10:17:08.771399
11,MSN,2018-01-01,2018-12-31,Success,2021-06-05 10:17:09.170869
12,ACB,2018-01-01,2018-12-31,Success,2021-06-05 10:17:09.612212
13,MBB,2018-01-01,2018-12-31,Success,2021-06-05 10:17:10.001122
14,GVR,2018-01-01,2018-12-31,Success,2021-06-05 10:17:10.341243
15,SAB,2018-01-01,2018-12-31,Success,2021-06-05 10:17:10.681084
16,MWG,2018-01-01,2018-12-31,Success,2021-06-05 10:17:11.070969
17,VIB,2018-01-01,2018-12-31,Success,2021-06-05 10:17:11.431067
18,PLX,2018-01-01,2018-12-31,Success,2021-06-05 10:17:11.767169
19,VRE,2018-01-01,2018-12-31,Success,2021-06-05 10:17:12.081500
20,FPT,2018-01-01,2018-12-31,Success,2021-06-05 10:17:12.190887
21,STB,2018-01-01,2018-12-31,Success,2021-06-05 10:17:12.571214
22,VJC,2018-01-01,2018-12-31,Success,2021-06-05 10:17:12.876269
23,BCM,2018-01-01,2018-12-31,Success,2021-06-05 10:17:13.181022
24,SSB,2018-01-01,2018-12-31,Success,2021-06-05 10:17:13.473922
25,HDB,2018-01-01,2018-12-31,Success,2021-06-05 10:17:13.820801
26,BVH,2018-01-01,2018-12-31,Success,2021-06-05 10:17:14.191246
27,EIB,2018-01-01,2018-12-31,Success,2021-06-05 10:17:14.540964
28,TPB,2018-01-01,2018-12-31,Success,2021-06-05 10:17:14.876731
29,HVN,2018-01-01,2018-12-31,Success,2021-06-05 10:17:15.190902
30,LPB,2018-01-01,2018-12-31,Success,2021-06-05 10:17:15.501058
31,PDR,2018-01-01,2018-12-31,Success,2021-06-05 10:17:15.821039
32,MSB,2018-01-01,2018-12-31,Success,2021-06-05 10:17:15.911431
33,OCB,2018-01-01,2018-12-31,Success,2021-06-05 10:17:16.210928
34,SSI,2018-01-01,2018-12-31,Success,2021-06-05 10:17:16.520972
35,POW,2018-01-01,2018-12-31,Success,2021-06-05 10:17:16.671054
36,SHP,2018-01-01,2018-12-31,Success,2021-06-05 10:17:17.041434
37,KDH,2018-01-01,2018-12-31,Success,2021-06-05 10:17:17.163509
38,PNJ,2018-01-01,2018-12-31,Success,2021-06-05 10:17:17.560810
39,VCG,2018-01-01,2018-12-31,Success,2021-06-05 10:17:17.891509
40,HSG,2018-01-01,2018-12-31,Success,2021-06-05 10:17:18.230942
41,REE,2018-01-01,2018-12-31,Success,2021-06-05 10:17:18.561185
42,GEX,2018-01-01,2018-12-31,Success,2021-06-05 10:17:18.889933
43,KBC,2018-01-01,2018-12-31,Success,2021-06-05 10:17:19.221010
44,DXG,2018-01-01,2018-12-31,Success,2021-06-05 10:17:19.540800
45,KDC,2018-01-01,2018-12-31,Success,2021-06-05 10:17:19.793008
46,BHN,2018-01-01,2018-12-31,Success,2021-06-05 10:17:20.081024
47,VCI,2018-01-01,2018-12-31,Success,2021-06-05 10:17:20.440939
48,VGC,2018-01-01,2018-12-31,Success,2021-06-05 10:17:20.754071
49,HCM,2018-01-01,2018-12-31,Success,2021-06-05 10:17:21.076113
0,VIC,2019-01-01,2019-12-31,Success,2021-06-05 10:17:21.794111
1,VCB,2019-01-01,2019-12-31,Success,2021-06-05 10:17:21.916848
2,VHM,2019-01-01,2019-12-31,Success,2021-06-05 10:17:22.303221
3,BID,2019-01-01,2019-12-31,Success,2021-06-05 10:17:22.663945
4,CTG,2019-01-01,2019-12-31,Success,2021-06-05 10:17:22.992412
5,TCB,2019-01-01,2019-12-31,Success,2021-06-05 10:17:23.318661
6,VNM,2019-01-01,2019-12-31,Success,2021-06-05 10:17:23.633930
7,HPG,2019-01-01,2019-12-31,Success,2021-06-05 10:17:23.962002
8,VPB,2019-01-01,2019-12-31,Success,2021-06-05 10:17:24.279759
9,GAS,2019-01-01,2019-12-31,Success,2021-06-05 10:17:24.624400
10,NVL,2019-01-01,2019-12-31,Success,2021-06-05 10:17:25.028064
11,MSN,2019-01-01,2019-12-31,Success,2021-06-05 10:17:25.387838
12,ACB,2019-01-01,2019-12-31,Success,2021-06-05 10:17:25.760699
13,MBB,2019-01-01,2019-12-31,Success,2021-06-05 10:17:26.120991
14,GVR,2019-01-01,2019-12-31,Success,2021-06-05 10:17:26.433032
15,SAB,2019-01-01,2019-12-31,Success,2021-06-05 10:17:26.744475
16,MWG,2019-01-01,2019-12-31,Success,2021-06-05 10:17:26.879471
17,VIB,2019-01-01,2019-12-31,Success,2021-06-05 10:17:27.272695
18,PLX,2019-01-01,2019-12-31,Success,2021-06-05 10:17:27.649775
19,VRE,2019-01-01,2019-12-31,Success,2021-06-05 10:17:28.016875
20,FPT,2019-01-01,2019-12-31,Success,2021-06-05 10:17:28.395100
21,STB,2019-01-01,2019-12-31,Success,2021-06-05 10:17:28.717110
22,VJC,2019-01-01,2019-12-31,Success,2021-06-05 10:17:29.102705
23,BCM,2019-01-01,2019-12-31,Success,2021-06-05 10:17:29.488685
24,SSB,2019-01-01,2019-12-31,Success,2021-06-05 10:17:29.860598
25,HDB,2019-01-01,2019-12-31,Success,2021-06-05 10:17:30.262989
26,BVH,2019-01-01,2019-12-31,Success,2021-06-05 10:17:30.571744
27,EIB,2019-01-01,2019-12-31,Success,2021-06-05 10:17:30.927274
28,TPB,2019-01-01,2019-12-31,Success,2021-06-05 10:17:31.318120
29,HVN,2019-01-01,2019-12-31,Success,2021-06-05 10:17:31.669973
30,LPB,2019-01-01,2019-12-31,Success,2021-06-05 10:17:31.993931
31,PDR,2019-01-01,2019-12-31,Success,2021-06-05 10:17:32.307320
32,MSB,2019-01-01,2019-12-31,Success,2021-06-05 10:17:32.681616
33,OCB,2019-01-01,2019-12-31,Success,2021-06-05 10:17:32.965285
34,SSI,2019-01-01,2019-12-31,Success,2021-06-05 10:17:33.272555
35,POW,2019-01-01,2019-12-31,Success,2021-06-05 10:17:33.574358
36,SHP,2019-01-01,2019-12-31,Success,2021-06-05 10:17:33.992910
37,KDH,2019-01-01,2019-12-31,Success,2021-06-05 10:17:34.305563
38,PNJ,2019-01-01,2019-12-31,Success,2021-06-05 10:17:34.635814
39,VCG,2019-01-01,2019-12-31,Success,2021-06-05 10:17:34.977727
40,HSG,2019-01-01,2019-12-31,Success,2021-06-05 10:17:35.293974
41,REE,2019-01-01,2019-12-31,Success,2021-06-05 10:17:35.612295
42,GEX,2019-01-01,2019-12-31,Success,2021-06-05 10:17:35.939296
43,KBC,2019-01-01,2019-12-31,Success,2021-06-05 10:17:36.254230
44,DXG,2019-01-01,2019-12-31,Success,2021-06-05 10:17:36.471242
45,KDC,2019-01-01,2019-12-31,Success,2021-06-05 10:17:36.783991
46,BHN,2019-01-01,2019-12-31,Success,2021-06-05 10:17:37.081426
47,VCI,2019-01-01,2019-12-31,Success,2021-06-05 10:17:37.421355
48,VGC,2019-01-01,2019-12-31,Success,2021-06-05 10:17:37.761174
49,HCM,2019-01-01,2019-12-31,Success,2021-06-05 10:17:38.080957
0,VIC,2020-01-01,2020-12-31,Success,2021-06-05 10:17:38.795922
1,VCB,2020-01-01,2020-12-31,Success,2021-06-05 10:17:38.920857
2,VHM,2020-01-01,2020-12-31,Success,2021-06-05 10:17:39.336787
3,BID,2020-01-01,2020-12-31,Success,2021-06-05 10:17:39.781105
4,CTG,2020-01-01,2020-12-31,Success,2021-06-05 10:17:40.110769
5,TCB,2020-01-01,2020-12-31,Success,2021-06-05 10:17:40.477721
6,VNM,2020-01-01,2020-12-31,Success,2021-06-05 10:17:40.720865
7,HPG,2020-01-01,2020-12-31,Success,2021-06-05 10:17:41.050910
8,VPB,2020-01-01,2020-12-31,Success,2021-06-05 10:17:41.421229
9,GAS,2020-01-01,2020-12-31,Success,2021-06-05 10:17:41.860196
10,NVL,2020-01-01,2020-12-31,Success,2021-06-05 10:17:42.225975
11,MSN,2020-01-01,2020-12-31,Success,2021-06-05 10:17:42.701073
12,ACB,2020-01-01,2020-12-31,Success,2021-06-05 10:17:43.141824
13,MBB,2020-01-01,2020-12-31,Success,2021-06-05 10:17:43.480659
14,GVR,2020-01-01,2020-12-31,Success,2021-06-05 10:17:43.611125
15,SAB,2020-01-01,2020-12-31,Success,2021-06-05 10:17:44.021301
16,MWG,2020-01-01,2020-12-31,Success,2021-06-05 10:17:44.384367
17,VIB,2020-01-01,2020-12-31,Success,2021-06-05 10:17:44.771129
18,PLX,2020-01-01,2020-12-31,Success,2021-06-05 10:17:45.166035
19,VRE,2020-01-01,2020-12-31,Success,2021-06-05 10:17:45.389836
20,FPT,2020-01-01,2020-12-31,Success,2021-06-05 10:17:45.751019
21,STB,2020-01-01,2020-12-31,Success,2021-06-05 10:17:46.081036
22,VJC,2020-01-01,2020-12-31,Success,2021-06-05 10:17:46.480657
23,BCM,2020-01-01,2020-12-31,Success,2021-06-05 10:17:46.856581
24,SSB,2020-01-01,2020-12-31,Success,2021-06-05 10:17:47.241100
25,HDB,2020-01-01,2020-12-31,Success,2021-06-05 10:17:47.611382
26,BVH,2020-01-01,2020-12-31,Success,2021-06-05 10:17:47.940834
27,EIB,2020-01-01,2020-12-31,Success,2021-06-05 10:17:48.290882
28,TPB,2020-01-01,2020-12-31,Success,2021-06-05 10:17:48.661132
29,HVN,2020-01-01,2020-12-31,Success,2021-06-05 10:17:48.981346
30,LPB,2020-01-01,2020-12-31,Success,2021-06-05 10:17:49.301380
31,PDR,2020-01-01,2020-12-31,Success,2021-06-05 10:17:49.630894
32,MSB,2020-01-01,2020-12-31,Success,2021-06-05 10:17:49.993264
33,OCB,2020-01-01,2020-12-31,Success,2021-06-05 10:17:50.301375
34,SSI,2020-01-01,2020-12-31,Success,2021-06-05 10:17:50.631253
35,POW,2020-01-01,2020-12-31,Success,2021-06-05 10:17:50.951405
36,SHP,2020-01-01,2020-12-31,Success,2021-06-05 10:17:51.291194
37,KDH,2020-01-01,2020-12-31,Success,2021-06-05 10:17:51.611291
38,PNJ,2020-01-01,2020-12-31,Success,2021-06-05 10:17:51.981146
39,VCG,2020-01-01,2020-12-31,Success,2021-06-05 10:17:52.331141
40,HSG,2020-01-01,2020-12-31,Success,2021-06-05 10:17:52.570827
41,REE,2020-01-01,2020-12-31,Success,2021-06-05 10:17:52.885025
42,GEX,2020-01-01,2020-12-31,Success,2021-06-05 10:17:53.211281
43,KBC,2020-01-01,2020-12-31,Success,2021-06-05 10:17:53.387440
44,DXG,2020-01-01,2020-12-31,Success,2021-06-05 10:17:53.610805
45,KDC,2020-01-01,2020-12-31,Success,2021-06-05 10:17:53.921258
46,BHN,2020-01-01,2020-12-31,Success,2021-06-05 10:17:54.252284
47,VCI,2020-01-01,2020-12-31,Success,2021-06-05 10:17:54.591142
48,VGC,2020-01-01,2020-12-31,Success,2021-06-05 10:17:54.909853
49,HCM,2020-01-01,2020-12-31,Success,2021-06-05 10:17:55.050801
0,VIC,2021-01-01,2021-12-31,Success,2021-06-05 10:17:55.865240
1,VCB,2021-01-01,2021-12-31,Success,2021-06-05 10:17:56.241028
2,VHM,2021-01-01,2021-12-31,Success,2021-06-05 10:17:56.651101
3,BID,2021-01-01,2021-12-31,Success,2021-06-05 10:17:57.012816
4,CTG,2021-01-01,2021-12-31,Success,2021-06-05 10:17:57.161117
5,TCB,2021-01-01,2021-12-31,Success,2021-06-05 10:17:57.631227
6,VNM,2021-01-01,2021-12-31,Success,2021-06-05 10:17:57.991880
7,HPG,2021-01-01,2021-12-31,Success,2021-06-05 10:17:58.380736
8,VPB,2021-01-01,2021-12-31,Success,2021-06-05 10:17:58.750919
9,GAS,2021-01-01,2021-12-31,Success,2021-06-05 10:17:59.100925
10,NVL,2021-01-01,2021-12-31,Success,2021-06-05 10:17:59.456071
11,MSN,2021-01-01,2021-12-31,Success,2021-06-05 10:17:59.830956
12,ACB,2021-01-01,2021-12-31,Success,2021-06-05 10:18:00.240765
13,MBB,2021-01-01,2021-12-31,Success,2021-06-05 10:18:00.650915
14,GVR,2021-01-01,2021-12-31,Success,2021-06-05 10:18:01.041453
15,SAB,2021-01-01,2021-12-31,Success,2021-06-05 10:18:01.372191
16,MWG,2021-01-01,2021-12-31,Success,2021-06-05 10:18:01.521001
17,VIB,2021-01-01,2021-12-31,Success,2021-06-05 10:18:01.960904
18,PLX,2021-01-01,2021-12-31,Success,2021-06-05 10:18:02.421085
19,VRE,2021-01-01,2021-12-31,Success,2021-06-05 10:18:02.931135
20,FPT,2021-01-01,2021-12-31,Success,2021-06-05 10:18:03.268548
21,STB,2021-01-01,2021-12-31,Success,2021-06-05 10:18:03.631033
22,VJC,2021-01-01,2021-12-31,Success,2021-06-05 10:18:04.085703
23,BCM,2021-01-01,2021-12-31,Success,2021-06-05 10:18:04.295736
24,SSB,2021-01-01,2021-12-31,Success,2021-06-05 10:18:04.630853
25,HDB,2021-01-01,2021-12-31,Success,2021-06-05 10:18:04.960717
26,BVH,2021-01-01,2021-12-31,Success,2021-06-05 10:18:05.321045
27,EIB,2021-01-01,2021-12-31,Success,2021-06-05 10:18:05.440830
28,TPB,2021-01-01,2021-12-31,Success,2021-06-05 10:18:05.785722
29,HVN,2021-01-01,2021-12-31,Success,2021-06-05 10:18:06.160912
30,LPB,2021-01-01,2021-12-31,Success,2021-06-05 10:18:06.495833
31,PDR,2021-01-01,2021-12-31,Success,2021-06-05 10:18:06.831198
32,MSB,2021-01-01,2021-12-31,Success,2021-06-05 10:18:07.200927
33,OCB,2021-01-01,2021-12-31,Success,2021-06-05 10:18:07.691067
34,SSI,2021-01-01,2021-12-31,Success,2021-06-05 10:18:08.080817
35,POW,2021-01-01,2021-12-31,Success,2021-06-05 10:18:08.430949
36,SHP,2021-01-01,2021-12-31,Success,2021-06-05 10:18:08.781269
37,KDH,2021-01-01,2021-12-31,Success,2021-06-05 10:18:09.181253
38,PNJ,2021-01-01,2021-12-31,Success,2021-06-05 10:18:09.551189
39,VCG,2021-01-01,2021-12-31,Success,2021-06-05 10:18:09.900803
40,HSG,2021-01-01,2021-12-31,Success,2021-06-05 10:18:10.250985
41,REE,2021-01-01,2021-12-31,Success,2021-06-05 10:18:10.475688
42,GEX,2021-01-01,2021-12-31,Success,2021-06-05 10:18:10.780767
43,KBC,2021-01-01,2021-12-31,Success,2021-06-05 10:18:11.141387
44,DXG,2021-01-01,2021-12-31,Success,2021-06-05 10:18:11.310789
45,KDC,2021-01-01,2021-12-31,Success,2021-06-05 10:18:11.681088
46,BHN,2021-01-01,2021-12-31,Success,2021-06-05 10:18:12.050816
47,VCI,2021-01-01,2021-12-31,Success,2021-06-05 10:18:12.404187
48,VGC,2021-01-01,2021-12-31,Success,2021-06-05 10:18:12.906317
49,HCM,2021-01-01,2021-12-31,Success,2021-06-05 10:18:13.241331
0,VIC,2010-01-01,2010-12-31,Success,2021-06-05 10:19:06.570443
1,VCB,2010-01-01,2010-12-31,Success,2021-06-05 10:19:06.830774
2,VHM,2010-01-01,2010-12-31,Success,2021-06-05 10:19:07.110888
3,BID,2010-01-01,2010-12-31,Success,2021-06-05 10:19:07.426840
4,CTG,2010-01-01,2010-12-31,Success,2021-06-05 10:19:07.721072
5,TCB,2010-01-01,2010-12-31,Success,2021-06-05 10:19:07.990851
6,VNM,2010-01-01,2010-12-31,Success,2021-06-05 10:19:08.330831
7,HPG,2010-01-01,2010-12-31,Success,2021-06-05 10:19:08.631293
8,VPB,2010-01-01,2010-12-31,Success,2021-06-05 10:19:08.922583
9,GAS,2010-01-01,2010-12-31,Success,2021-06-05 10:19:09.250835
10,NVL,2010-01-01,2010-12-31,Success,2021-06-05 10:19:09.310725
11,MSN,2010-01-01,2010-12-31,Success,2021-06-05 10:19:09.670718
12,ACB,2010-01-01,2010-12-31,Success,2021-06-05 10:19:09.971787
13,MBB,2010-01-01,2010-12-31,Success,2021-06-05 10:19:10.355810
14,GVR,2010-01-01,2010-12-31,Success,2021-06-05 10:19:10.780657
15,SAB,2010-01-01,2010-12-31,Success,2021-06-05 10:19:11.102873
16,MWG,2010-01-01,2010-12-31,Success,2021-06-05 10:19:11.311135
17,VIB,2010-01-01,2010-12-31,Success,2021-06-05 10:19:11.581050
18,PLX,2010-01-01,2010-12-31,Success,2021-06-05 10:19:11.659067
19,VRE,2010-01-01,2010-12-31,Success,2021-06-05 10:19:11.730639
20,FPT,2010-01-01,2010-12-31,Success,2021-06-05 10:19:12.078112
21,STB,2010-01-01,2010-12-31,Success,2021-06-05 10:19:12.381166
22,VJC,2010-01-01,2010-12-31,Success,2021-06-05 10:19:12.665947
23,BCM,2010-01-01,2010-12-31,Success,2021-06-05 10:19:12.942767
24,SSB,2010-01-01,2010-12-31,Success,2021-06-05 10:19:13.214417
25,HDB,2010-01-01,2010-12-31,Success,2021-06-05 10:19:13.481961
26,BVH,2010-01-01,2010-12-31,Success,2021-06-05 10:19:13.798824
27,EIB,2010-01-01,2010-12-31,Success,2021-06-05 10:19:14.100741
28,TPB,2010-01-01,2010-12-31,Success,2021-06-05 10:19:14.171373
29,HVN,2010-01-01,2010-12-31,Success,2021-06-05 10:19:14.470547
30,LPB,2010-01-01,2010-12-31,Success,2021-06-05 10:19:14.740976
31,PDR,2010-01-01,2010-12-31,Success,2021-06-05 10:19:15.020854
32,MSB,2010-01-01,2010-12-31,Success,2021-06-05 10:19:15.330671
33,OCB,2010-01-01,2010-12-31,Success,2021-06-05 10:19:15.608830
34,SSI,2010-01-01,2010-12-31,Success,2021-06-05 10:19:15.934366
35,POW,2010-01-01,2010-12-31,Success,2021-06-05 10:19:16.227087
36,SHP,2010-01-01,2010-12-31,Success,2021-06-05 10:19:16.497315
37,KDH,2010-01-01,2010-12-31,Success,2021-06-05 10:19:16.843053
38,PNJ,2010-01-01,2010-12-31,Success,2021-06-05 10:19:17.192584
39,VCG,2010-01-01,2010-12-31,Success,2021-06-05 10:19:17.610453
40,HSG,2010-01-01,2010-12-31,Success,2021-06-05 10:19:17.940763
41,REE,2010-01-01,2010-12-31,Success,2021-06-05 10:19:18.270738
42,GEX,2010-01-01,2010-12-31,Success,2021-06-05 10:19:18.550572
43,KBC,2010-01-01,2010-12-31,Success,2021-06-05 10:19:18.850713
44,DXG,2010-01-01,2010-12-31,Success,2021-06-05 10:19:19.195603
45,KDC,2010-01-01,2010-12-31,Success,2021-06-05 10:19:19.510509
46,BHN,2010-01-01,2010-12-31,Success,2021-06-05 10:19:19.790853
47,VCI,2010-01-01,2010-12-31,Success,2021-06-05 10:19:20.080890
48,VGC,2010-01-01,2010-12-31,Success,2021-06-05 10:19:20.390479
49,HCM,2010-01-01,2010-12-31,Success,2021-06-05 10:19:20.605617
0,VIC,2011-01-01,2011-12-31,Success,2021-06-05 10:19:20.825408
1,VCB,2011-01-01,2011-12-31,Success,2021-06-05 10:19:21.150735
2,VHM,2011-01-01,2011-12-31,Success,2021-06-05 10:19:21.366836
3,BID,2011-01-01,2011-12-31,Success,2021-06-05 10:19:21.465244
4,CTG,2011-01-01,2011-12-31,Success,2021-06-05 10:19:21.585041
5,TCB,2011-01-01,2011-12-31,Success,2021-06-05 10:19:21.784066
6,VNM,2011-01-01,2011-12-31,Success,2021-06-05 10:19:21.991504
7,HPG,2011-01-01,2011-12-31,Success,2021-06-05 10:19:22.183988
8,VPB,2011-01-01,2011-12-31,Success,2021-06-05 10:19:22.285716
9,GAS,2011-01-01,2011-12-31,Success,2021-06-05 10:19:22.594888
10,NVL,2011-01-01,2011-12-31,Success,2021-06-05 10:19:22.922074
11,MSN,2011-01-01,2011-12-31,Success,2021-06-05 10:19:23.079767
12,ACB,2011-01-01,2011-12-31,Success,2021-06-05 10:19:23.429462
13,MBB,2011-01-01,2011-12-31,Success,2021-06-05 10:19:23.764572
14,GVR,2011-01-01,2011-12-31,Success,2021-06-05 10:19:23.981908
15,SAB,2011-01-01,2011-12-31,Success,2021-06-05 10:19:24.332363
16,MWG,2011-01-01,2011-12-31,Success,2021-06-05 10:19:24.685932
17,VIB,2011-01-01,2011-12-31,Success,2021-06-05 10:19:24.830804
18,PLX,2011-01-01,2011-12-31,Success,2021-06-05 10:19:25.145615
19,VRE,2011-01-01,2011-12-31,Success,2021-06-05 10:19:25.449804
20,FPT,2011-01-01,2011-12-31,Success,2021-06-05 10:19:25.647275
21,STB,2011-01-01,2011-12-31,Success,2021-06-05 10:19:25.773936
22,VJC,2011-01-01,2011-12-31,Success,2021-06-05 10:19:26.065176
23,BCM,2011-01-01,2011-12-31,Success,2021-06-05 10:19:26.260892
24,SSB,2011-01-01,2011-12-31,Success,2021-06-05 10:19:26.506973
25,HDB,2011-01-01,2011-12-31,Success,2021-06-05 10:19:26.596725
26,BVH,2011-01-01,2011-12-31,Success,2021-06-05 10:19:26.843909
27,EIB,2011-01-01,2011-12-31,Success,2021-06-05 10:19:27.183001
28,TPB,2011-01-01,2011-12-31,Success,2021-06-05 10:19:27.390448
29,HVN,2011-01-01,2011-12-31,Success,2021-06-05 10:19:27.506137
30,LPB,2011-01-01,2011-12-31,Success,2021-06-05 10:19:27.633809
31,PDR,2011-01-01,2011-12-31,Success,2021-06-05 10:19:27.777438
32,MSB,2011-01-01,2011-12-31,Success,2021-06-05 10:19:28.007728
33,OCB,2011-01-01,2011-12-31,Success,2021-06-05 10:19:28.345677
34,SSI,2011-01-01,2011-12-31,Success,2021-06-05 10:19:28.594735
35,POW,2011-01-01,2011-12-31,Success,2021-06-05 10:19:28.727608
36,SHP,2011-01-01,2011-12-31,Success,2021-06-05 10:19:29.083589
37,KDH,2011-01-01,2011-12-31,Success,2021-06-05 10:19:29.428954
38,PNJ,2011-01-01,2011-12-31,Success,2021-06-05 10:19:29.746669
39,VCG,2011-01-01,2011-12-31,Success,2021-06-05 10:19:30.039915
40,HSG,2011-01-01,2011-12-31,Success,2021-06-05 10:19:30.362691
41,REE,2011-01-01,2011-12-31,Success,2021-06-05 10:19:30.713511
42,GEX,2011-01-01,2011-12-31,Success,2021-06-05 10:19:30.993032
43,KBC,2011-01-01,2011-12-31,Success,2021-06-05 10:19:31.322583
44,DXG,2011-01-01,2011-12-31,Success,2021-06-05 10:19:31.725595
45,KDC,2011-01-01,2011-12-31,Success,2021-06-05 10:19:31.850815
46,BHN,2011-01-01,2011-12-31,Success,2021-06-05 10:19:32.120994
47,VCI,2011-01-01,2011-12-31,Success,2021-06-05 10:19:32.421077
48,VGC,2011-01-01,2011-12-31,Success,2021-06-05 10:19:32.719092
49,HCM,2011-01-01,2011-12-31,Success,2021-06-05 10:19:33.061423
0,VIC,2012-01-01,2012-12-31,Success,2021-06-05 10:19:33.688638
1,VCB,2012-01-01,2012-12-31,Success,2021-06-05 10:19:34.072632
2,VHM,2012-01-01,2012-12-31,Success,2021-06-05 10:19:34.388791
3,BID,2012-01-01,2012-12-31,Success,2021-06-05 10:19:34.727081
4,CTG,2012-01-01,2012-12-31,Success,2021-06-05 10:19:35.081232
5,TCB,2012-01-01,2012-12-31,Success,2021-06-05 10:19:35.186407
6,VNM,2012-01-01,2012-12-31,Success,2021-06-05 10:19:35.570826
7,HPG,2012-01-01,2012-12-31,Success,2021-06-05 10:19:35.720567
8,VPB,2012-01-01,2012-12-31,Success,2021-06-05 10:19:36.022710
9,GAS,2012-01-01,2012-12-31,Success,2021-06-05 10:19:36.124017
10,NVL,2012-01-01,2012-12-31,Success,2021-06-05 10:19:36.273291
11,MSN,2012-01-01,2012-12-31,Success,2021-06-05 10:19:36.613996
12,ACB,2012-01-01,2012-12-31,Success,2021-06-05 10:19:37.016123
13,MBB,2012-01-01,2012-12-31,Success,2021-06-05 10:19:37.330798
14,GVR,2012-01-01,2012-12-31,Success,2021-06-05 10:19:37.602749
15,SAB,2012-01-01,2012-12-31,Success,2021-06-05 10:19:37.909668
16,MWG,2012-01-01,2012-12-31,Success,2021-06-05 10:19:38.187924
17,VIB,2012-01-01,2012-12-31,Success,2021-06-05 10:19:38.573234
18,PLX,2012-01-01,2012-12-31,Success,2021-06-05 10:19:38.914713
19,VRE,2012-01-01,2012-12-31,Success,2021-06-05 10:19:39.027483
20,FPT,2012-01-01,2012-12-31,Success,2021-06-05 10:19:39.143135
21,STB,2012-01-01,2012-12-31,Success,2021-06-05 10:19:39.475646
22,VJC,2012-01-01,2012-12-31,Success,2021-06-05 10:19:39.773418
23,BCM,2012-01-01,2012-12-31,Success,2021-06-05 10:19:40.069666
24,SSB,2012-01-01,2012-12-31,Success,2021-06-05 10:19:40.379733
25,HDB,2012-01-01,2012-12-31,Success,2021-06-05 10:19:40.713671
26,BVH,2012-01-01,2012-12-31,Success,2021-06-05 10:19:41.065606
27,EIB,2012-01-01,2012-12-31,Success,2021-06-05 10:19:41.384426
28,TPB,2012-01-01,2012-12-31,Success,2021-06-05 10:19:41.707568
29,HVN,2012-01-01,2012-12-31,Success,2021-06-05 10:19:41.990695
30,LPB,2012-01-01,2012-12-31,Success,2021-06-05 10:19:42.529002
31,PDR,2012-01-01,2012-12-31,Success,2021-06-05 10:19:42.883492
32,MSB,2012-01-01,2012-12-31,Success,2021-06-05 10:19:43.277486
33,OCB,2012-01-01,2012-12-31,Success,2021-06-05 10:19:43.601004
34,SSI,2012-01-01,2012-12-31,Success,2021-06-05 10:19:43.921927
35,POW,2012-01-01,2012-12-31,Success,2021-06-05 10:19:44.211610
36,SHP,2012-01-01,2012-12-31,Success,2021-06-05 10:19:44.550918
37,KDH,2012-01-01,2012-12-31,Success,2021-06-05 10:19:44.884840
38,PNJ,2012-01-01,2012-12-31,Success,2021-06-05 10:19:45.225399
39,VCG,2012-01-01,2012-12-31,Success,2021-06-05 10:19:45.551009
40,HSG,2012-01-01,2012-12-31,Success,2021-06-05 10:19:45.756118
41,REE,2012-01-01,2012-12-31,Success,2021-06-05 10:19:46.073944
42,GEX,2012-01-01,2012-12-31,Success,2021-06-05 10:19:46.400798
43,KBC,2012-01-01,2012-12-31,Success,2021-06-05 10:19:46.855824
44,DXG,2012-01-01,2012-12-31,Success,2021-06-05 10:19:47.206920
45,KDC,2012-01-01,2012-12-31,Success,2021-06-05 10:19:47.588325
46,BHN,2012-01-01,2012-12-31,Success,2021-06-05 10:19:47.840821
47,VCI,2012-01-01,2012-12-31,Success,2021-06-05 10:19:48.172614
48,VGC,2012-01-01,2012-12-31,Success,2021-06-05 10:19:48.495419
49,HCM,2012-01-01,2012-12-31,Success,2021-06-05 10:19:48.913999
0,VIC,2013-01-01,2013-12-31,Success,2021-06-05 10:19:49.502555
1,VCB,2013-01-01,2013-12-31,Success,2021-06-05 10:19:49.862793
2,VHM,2013-01-01,2013-12-31,Success,2021-06-05 10:19:50.168141
3,BID,2013-01-01,2013-12-31,Success,2021-06-05 10:19:50.501049
4,CTG,2013-01-01,2013-12-31,Success,2021-06-05 10:19:50.843997
5,TCB,2013-01-01,2013-12-31,Success,2021-06-05 10:19:51.200554
6,VNM,2013-01-01,2013-12-31,Success,2021-06-05 10:19:51.650774
7,HPG,2013-01-01,2013-12-31,Success,2021-06-05 10:19:51.790852
8,VPB,2013-01-01,2013-12-31,Success,2021-06-05 10:19:51.900875
9,GAS,2013-01-01,2013-12-31,Success,2021-06-05 10:19:52.240847
10,NVL,2013-01-01,2013-12-31,Success,2021-06-05 10:19:52.511031
11,MSN,2013-01-01,2013-12-31,Success,2021-06-05 10:19:52.830465
12,ACB,2013-01-01,2013-12-31,Success,2021-06-05 10:19:53.142661
13,MBB,2013-01-01,2013-12-31,Success,2021-06-05 10:19:53.457768
14,GVR,2013-01-01,2013-12-31,Success,2021-06-05 10:19:53.736274
15,SAB,2013-01-01,2013-12-31,Success,2021-06-05 10:19:54.019576
16,MWG,2013-01-01,2013-12-31,Success,2021-06-05 10:19:54.320740
17,VIB,2013-01-01,2013-12-31,Success,2021-06-05 10:19:54.404952
18,PLX,2013-01-01,2013-12-31,Success,2021-06-05 10:19:54.485182
19,VRE,2013-01-01,2013-12-31,Success,2021-06-05 10:19:54.755096
20,FPT,2013-01-01,2013-12-31,Success,2021-06-05 10:19:55.081791
21,STB,2013-01-01,2013-12-31,Success,2021-06-05 10:19:55.199268
22,VJC,2013-01-01,2013-12-31,Success,2021-06-05 10:19:55.486319
23,BCM,2013-01-01,2013-12-31,Success,2021-06-05 10:19:55.756374
24,SSB,2013-01-01,2013-12-31,Success,2021-06-05 10:19:56.028502
25,HDB,2013-01-01,2013-12-31,Success,2021-06-05 10:19:56.200679
26,BVH,2013-01-01,2013-12-31,Success,2021-06-05 10:19:56.569586
27,EIB,2013-01-01,2013-12-31,Success,2021-06-05 10:19:56.894554
28,TPB,2013-01-01,2013-12-31,Success,2021-06-05 10:19:57.300268
29,HVN,2013-01-01,2013-12-31,Success,2021-06-05 10:19:57.597516
30,LPB,2013-01-01,2013-12-31,Success,2021-06-05 10:19:57.872265
31,PDR,2013-01-01,2013-12-31,Success,2021-06-05 10:19:58.170048
32,MSB,2013-01-01,2013-12-31,Success,2021-06-05 10:19:58.436920
33,OCB,2013-01-01,2013-12-31,Success,2021-06-05 10:19:58.758751
34,SSI,2013-01-01,2013-12-31,Success,2021-06-05 10:19:59.213023
35,POW,2013-01-01,2013-12-31,Success,2021-06-05 10:19:59.512562
36,SHP,2013-01-01,2013-12-31,Success,2021-06-05 10:19:59.832096
37,KDH,2013-01-01,2013-12-31,Success,2021-06-05 10:20:00.148623
38,PNJ,2013-01-01,2013-12-31,Success,2021-06-05 10:20:00.493750
39,VCG,2013-01-01,2013-12-31,Success,2021-06-05 10:20:00.822858
40,HSG,2013-01-01,2013-12-31,Success,2021-06-05 10:20:01.157015
41,REE,2013-01-01,2013-12-31,Success,2021-06-05 10:20:01.540698
42,GEX,2013-01-01,2013-12-31,Success,2021-06-05 10:20:01.835808
43,KBC,2013-01-01,2013-12-31,Success,2021-06-05 10:20:02.161877
44,DXG,2013-01-01,2013-12-31,Success,2021-06-05 10:20:02.465141
45,KDC,2013-01-01,2013-12-31,Success,2021-06-05 10:20:02.802469
46,BHN,2013-01-01,2013-12-31,Success,2021-06-05 10:20:02.884801
47,VCI,2013-01-01,2013-12-31,Success,2021-06-05 10:20:03.156222
48,VGC,2013-01-01,2013-12-31,Success,2021-06-05 10:20:03.433419
49,HCM,2013-01-01,2013-12-31,Success,2021-06-05 10:20:03.762540
0,VIC,2014-01-01,2014-12-31,Success,2021-06-05 10:20:04.267195
1,VCB,2014-01-01,2014-12-31,Success,2021-06-05 10:20:04.526505
2,VHM,2014-01-01,2014-12-31,Success,2021-06-05 10:20:04.821938
3,BID,2014-01-01,2014-12-31,Success,2021-06-05 10:20:05.203212
4,CTG,2014-01-01,2014-12-31,Success,2021-06-05 10:20:05.521475
5,TCB,2014-01-01,2014-12-31,Success,2021-06-05 10:20:05.836531
6,VNM,2014-01-01,2014-12-31,Success,2021-06-05 10:20:06.130856
7,HPG,2014-01-01,2014-12-31,Success,2021-06-05 10:20:06.505448
8,VPB,2014-01-01,2014-12-31,Success,2021-06-05 10:20:06.660757
9,GAS,2014-01-01,2014-12-31,Success,2021-06-05 10:20:07.000412
10,NVL,2014-01-01,2014-12-31,Success,2021-06-05 10:20:07.271258
11,MSN,2014-01-01,2014-12-31,Success,2021-06-05 10:20:07.580420
12,ACB,2014-01-01,2014-12-31,Success,2021-06-05 10:20:07.964372
13,MBB,2014-01-01,2014-12-31,Success,2021-06-05 10:20:08.450821
14,GVR,2014-01-01,2014-12-31,Success,2021-06-05 10:20:08.766283
15,SAB,2014-01-01,2014-12-31,Success,2021-06-05 10:20:08.932358
16,MWG,2014-01-01,2014-12-31,Success,2021-06-05 10:20:09.280014
17,VIB,2014-01-01,2014-12-31,Success,2021-06-05 10:20:09.385723
18,PLX,2014-01-01,2014-12-31,Success,2021-06-05 10:20:09.725813
19,VRE,2014-01-01,2014-12-31,Success,2021-06-05 10:20:10.035393
20,FPT,2014-01-01,2014-12-31,Success,2021-06-05 10:20:10.376934
21,STB,2014-01-01,2014-12-31,Success,2021-06-05 10:20:10.719255
22,VJC,2014-01-01,2014-12-31,Success,2021-06-05 10:20:11.655103
23,BCM,2014-01-01,2014-12-31,Success,2021-06-05 10:20:12.015981
24,SSB,2014-01-01,2014-12-31,Success,2021-06-05 10:20:12.316378
25,HDB,2014-01-01,2014-12-31,Success,2021-06-05 10:20:12.610830
26,BVH,2014-01-01,2014-12-31,Success,2021-06-05 10:20:12.951095
27,EIB,2014-01-01,2014-12-31,Success,2021-06-05 10:20:13.310713
28,TPB,2014-01-01,2014-12-31,Success,2021-06-05 10:20:13.580926
29,HVN,2014-01-01,2014-12-31,Success,2021-06-05 10:20:13.860512
30,LPB,2014-01-01,2014-12-31,Success,2021-06-05 10:20:14.141437
31,PDR,2014-01-01,2014-12-31,Success,2021-06-05 10:20:14.470869
32,MSB,2014-01-01,2014-12-31,Success,2021-06-05 10:20:14.750916
33,OCB,2014-01-01,2014-12-31,Success,2021-06-05 10:20:15.040585
34,SSI,2014-01-01,2014-12-31,Success,2021-06-05 10:20:15.364333
35,POW,2014-01-01,2014-12-31,Success,2021-06-05 10:20:15.640866
36,SHP,2014-01-01,2014-12-31,Success,2021-06-05 10:20:15.990855
37,KDH,2014-01-01,2014-12-31,Success,2021-06-05 10:20:16.300510
38,PNJ,2014-01-01,2014-12-31,Success,2021-06-05 10:20:16.540578
39,VCG,2014-01-01,2014-12-31,Success,2021-06-05 10:20:16.880749
40,HSG,2014-01-01,2014-12-31,Success,2021-06-05 10:20:17.240638
41,REE,2014-01-01,2014-12-31,Success,2021-06-05 10:20:17.540484
42,GEX,2014-01-01,2014-12-31,Success,2021-06-05 10:20:17.810966
43,KBC,2014-01-01,2014-12-31,Success,2021-06-05 10:20:18.120831
44,DXG,2014-01-01,2014-12-31,Success,2021-06-05 10:20:18.430490
45,KDC,2014-01-01,2014-12-31,Success,2021-06-05 10:20:18.735670
46,BHN,2014-01-01,2014-12-31,Success,2021-06-05 10:20:19.031083
47,VCI,2014-01-01,2014-12-31,Success,2021-06-05 10:20:19.301161
48,VGC,2014-01-01,2014-12-31,Success,2021-06-05 10:20:19.570681
49,HCM,2014-01-01,2014-12-31,Success,2021-06-05 10:20:19.895817
0,VIC,2015-01-01,2015-12-31,Success,2021-06-05 10:20:20.501680
1,VCB,2015-01-01,2015-12-31,Success,2021-06-05 10:20:20.756637
2,VHM,2015-01-01,2015-12-31,Success,2021-06-05 10:20:21.048258
3,BID,2015-01-01,2015-12-31,Success,2021-06-05 10:20:21.133500
4,CTG,2015-01-01,2015-12-31,Success,2021-06-05 10:20:21.480898
5,TCB,2015-01-01,2015-12-31,Success,2021-06-05 10:20:21.750614
6,VNM,2015-01-01,2015-12-31,Success,2021-06-05 10:20:22.045704
7,HPG,2015-01-01,2015-12-31,Success,2021-06-05 10:20:22.360366
8,VPB,2015-01-01,2015-12-31,Success,2021-06-05 10:20:22.620685
9,GAS,2015-01-01,2015-12-31,Success,2021-06-05 10:20:22.870383
10,NVL,2015-01-01,2015-12-31,Success,2021-06-05 10:20:23.155634
11,MSN,2015-01-01,2015-12-31,Success,2021-06-05 10:20:23.523842
12,ACB,2015-01-01,2015-12-31,Success,2021-06-05 10:20:23.900448
13,MBB,2015-01-01,2015-12-31,Success,2021-06-05 10:20:24.010667
14,GVR,2015-01-01,2015-12-31,Success,2021-06-05 10:20:24.260753
15,SAB,2015-01-01,2015-12-31,Success,2021-06-05 10:20:24.519302
16,MWG,2015-01-01,2015-12-31,Success,2021-06-05 10:20:24.571902
17,VIB,2015-01-01,2015-12-31,Success,2021-06-05 10:20:24.861731
18,PLX,2015-01-01,2015-12-31,Success,2021-06-05 10:20:25.180848
19,VRE,2015-01-01,2015-12-31,Success,2021-06-05 10:20:25.430887
20,FPT,2015-01-01,2015-12-31,Success,2021-06-05 10:20:25.540714
21,STB,2015-01-01,2015-12-31,Success,2021-06-05 10:20:25.740899
22,VJC,2015-01-01,2015-12-31,Success,2021-06-05 10:20:25.990756
23,BCM,2015-01-01,2015-12-31,Success,2021-06-05 10:20:26.189234
24,SSB,2015-01-01,2015-12-31,Success,2021-06-05 10:20:26.400458
25,HDB,2015-01-01,2015-12-31,Success,2021-06-05 10:20:26.507635
26,BVH,2015-01-01,2015-12-31,Success,2021-06-05 10:20:26.803033
27,EIB,2015-01-01,2015-12-31,Success,2021-06-05 10:20:26.901852
28,TPB,2015-01-01,2015-12-31,Success,2021-06-05 10:20:27.103931
29,HVN,2015-01-01,2015-12-31,Success,2021-06-05 10:20:27.260766
30,LPB,2015-01-01,2015-12-31,Success,2021-06-05 10:20:27.523788
31,PDR,2015-01-01,2015-12-31,Success,2021-06-05 10:20:27.737005
32,MSB,2015-01-01,2015-12-31,Success,2021-06-05 10:20:27.845718
33,OCB,2015-01-01,2015-12-31,Success,2021-06-05 10:20:27.958417
34,SSI,2015-01-01,2015-12-31,Success,2021-06-05 10:20:28.053162
35,POW,2015-01-01,2015-12-31,Success,2021-06-05 10:20:28.146831
36,SHP,2015-01-01,2015-12-31,Success,2021-06-05 10:20:28.470224
37,KDH,2015-01-01,2015-12-31,Success,2021-06-05 10:20:28.702936
38,PNJ,2015-01-01,2015-12-31,Success,2021-06-05 10:20:28.983482
39,VCG,2015-01-01,2015-12-31,Success,2021-06-05 10:20:29.187239
40,HSG,2015-01-01,2015-12-31,Success,2021-06-05 10:20:29.529019
41,REE,2015-01-01,2015-12-31,Success,2021-06-05 10:20:29.864154
42,GEX,2015-01-01,2015-12-31,Success,2021-06-05 10:20:30.135428
43,KBC,2015-01-01,2015-12-31,Success,2021-06-05 10:20:30.251132
44,DXG,2015-01-01,2015-12-31,Success,2021-06-05 10:20:30.635764
45,KDC,2015-01-01,2015-12-31,Success,2021-06-05 10:20:30.766415
46,BHN,2015-01-01,2015-12-31,Success,2021-06-05 10:20:30.895071
47,VCI,2015-01-01,2015-12-31,Success,2021-06-05 10:20:31.003780
48,VGC,2015-01-01,2015-12-31,Success,2021-06-05 10:20:31.135435
49,HCM,2015-01-01,2015-12-31,Success,2021-06-05 10:20:31.444601
0,VIC,2005-01-01,2005-12-31,stock data not found,2021-06-05 10:22:11.897162
1,VCB,2005-01-01,2005-12-31,stock data not found,2021-06-05 10:22:12.162263
2,VHM,2005-01-01,2005-12-31,stock data not found,2021-06-05 10:22:12.399728
3,BID,2005-01-01,2005-12-31,stock data not found,2021-06-05 10:22:12.658250
4,CTG,2005-01-01,2005-12-31,stock data not found,2021-06-05 10:22:12.924803
5,TCB,2005-01-01,2005-12-31,stock data not found,2021-06-05 10:22:12.984782
6,VNM,2005-01-01,2005-12-31,stock data not found,2021-06-05 10:22:13.476447
7,HPG,2005-01-01,2005-12-31,stock data not found,2021-06-05 10:22:13.733753
8,VPB,2005-01-01,2005-12-31,stock data not found,2021-06-05 10:22:13.819553
9,GAS,2005-01-01,2005-12-31,stock data not found,2021-06-05 10:22:14.081525
10,NVL,2005-01-01,2005-12-31,stock data not found,2021-06-05 10:22:14.145551
11,MSN,2005-01-01,2005-12-31,stock data not found,2021-06-05 10:22:14.420858
12,ACB,2005-01-01,2005-12-31,stock data not found,2021-06-05 10:22:14.696887
13,MBB,2005-01-01,2005-12-31,stock data not found,2021-06-05 10:22:14.964365
14,GVR,2005-01-01,2005-12-31,stock data not found,2021-06-05 10:22:15.247988
15,SAB,2005-01-01,2005-12-31,stock data not found,2021-06-05 10:22:15.524180
16,MWG,2005-01-01,2005-12-31,stock data not found,2021-06-05 10:22:15.798741
17,VIB,2005-01-01,2005-12-31,stock data not found,2021-06-05 10:22:16.058107
18,PLX,2005-01-01,2005-12-31,stock data not found,2021-06-05 10:22:16.348301
19,VRE,2005-01-01,2005-12-31,stock data not found,2021-06-05 10:22:16.498833
20,FPT,2005-01-01,2005-12-31,stock data not found,2021-06-05 10:22:16.770729
21,STB,2005-01-01,2005-12-31,stock data not found,2021-06-05 10:22:17.070613
22,VJC,2005-01-01,2005-12-31,stock data not found,2021-06-05 10:22:17.331995
23,BCM,2005-01-01,2005-12-31,stock data not found,2021-06-05 10:22:17.430523
24,SSB,2005-01-01,2005-12-31,stock data not found,2021-06-05 10:22:17.482893
25,HDB,2005-01-01,2005-12-31,stock data not found,2021-06-05 10:22:17.649265
26,BVH,2005-01-01,2005-12-31,stock data not found,2021-06-05 10:22:17.737559
27,EIB,2005-01-01,2005-12-31,stock data not found,2021-06-05 10:22:18.013351
28,TPB,2005-01-01,2005-12-31,stock data not found,2021-06-05 10:22:18.316641
29,HVN,2005-01-01,2005-12-31,stock data not found,2021-06-05 10:22:18.573446
30,LPB,2005-01-01,2005-12-31,stock data not found,2021-06-05 10:22:18.847422
31,PDR,2005-01-01,2005-12-31,stock data not found,2021-06-05 10:22:19.112789
32,MSB,2005-01-01,2005-12-31,stock data not found,2021-06-05 10:22:19.421025
33,OCB,2005-01-01,2005-12-31,stock data not found,2021-06-05 10:22:19.720542
34,SSI,2005-01-01,2005-12-31,stock data not found,2021-06-05 10:22:19.992501
35,POW,2005-01-01,2005-12-31,stock data not found,2021-06-05 10:22:20.288233
36,SHP,2005-01-01,2005-12-31,stock data not found,2021-06-05 10:22:20.594801
37,KDH,2005-01-01,2005-12-31,stock data not found,2021-06-05 10:22:20.930272
38,PNJ,2005-01-01,2005-12-31,stock data not found,2021-06-05 10:22:21.186505
39,VCG,2005-01-01,2005-12-31,stock data not found,2021-06-05 10:22:21.630715
40,HSG,2005-01-01,2005-12-31,stock data not found,2021-06-05 10:22:21.904515
41,REE,2005-01-01,2005-12-31,Success,2021-06-05 10:22:22.206007
42,GEX,2005-01-01,2005-12-31,Success,2021-06-05 10:22:22.482136
43,KBC,2005-01-01,2005-12-31,Success,2021-06-05 10:22:22.741863
44,DXG,2005-01-01,2005-12-31,Success,2021-06-05 10:22:23.010067
45,KDC,2005-01-01,2005-12-31,Success,2021-06-05 10:22:23.328544
46,BHN,2005-01-01,2005-12-31,Success,2021-06-05 10:22:23.823299
47,VCI,2005-01-01,2005-12-31,Success,2021-06-05 10:22:24.106284
48,VGC,2005-01-01,2005-12-31,Success,2021-06-05 10:22:24.414035
49,HCM,2005-01-01,2005-12-31,Success,2021-06-05 10:22:24.731500
0,VIC,2006-01-01,2006-12-31,stock data not found,2021-06-05 10:22:25.210287
1,VCB,2006-01-01,2006-12-31,stock data not found,2021-06-05 10:22:25.275295
2,VHM,2006-01-01,2006-12-31,stock data not found,2021-06-05 10:22:25.358599
3,BID,2006-01-01,2006-12-31,stock data not found,2021-06-05 10:22:25.491221
4,CTG,2006-01-01,2006-12-31,stock data not found,2021-06-05 10:22:25.607817
5,TCB,2006-01-01,2006-12-31,stock data not found,2021-06-05 10:22:25.922010
6,VNM,2006-01-01,2006-12-31,Success,2021-06-05 10:22:26.278136
7,HPG,2006-01-01,2006-12-31,Success,2021-06-05 10:22:26.647432
8,VPB,2006-01-01,2006-12-31,Success,2021-06-05 10:22:26.914753
9,GAS,2006-01-01,2006-12-31,Success,2021-06-05 10:22:27.173575
10,NVL,2006-01-01,2006-12-31,Success,2021-06-05 10:22:27.426829
11,MSN,2006-01-01,2006-12-31,Success,2021-06-05 10:22:27.700895
12,ACB,2006-01-01,2006-12-31,Success,2021-06-05 10:22:27.996517
13,MBB,2006-01-01,2006-12-31,Success,2021-06-05 10:22:28.297377
14,GVR,2006-01-01,2006-12-31,Success,2021-06-05 10:22:28.577044
15,SAB,2006-01-01,2006-12-31,Success,2021-06-05 10:22:28.855457
16,MWG,2006-01-01,2006-12-31,Success,2021-06-05 10:22:28.911343
17,VIB,2006-01-01,2006-12-31,Success,2021-06-05 10:22:29.021532
18,PLX,2006-01-01,2006-12-31,Success,2021-06-05 10:22:29.312356
19,VRE,2006-01-01,2006-12-31,Success,2021-06-05 10:22:29.597583
20,FPT,2006-01-01,2006-12-31,Success,2021-06-05 10:22:29.866568
21,STB,2006-01-01,2006-12-31,Success,2021-06-05 10:22:30.144290
22,VJC,2006-01-01,2006-12-31,Success,2021-06-05 10:22:30.421093
23,BCM,2006-01-01,2006-12-31,Success,2021-06-05 10:22:30.683401
24,SSB,2006-01-01,2006-12-31,Success,2021-06-05 10:22:31.008895
25,HDB,2006-01-01,2006-12-31,Success,2021-06-05 10:22:31.309158
26,BVH,2006-01-01,2006-12-31,Success,2021-06-05 10:22:31.560033
27,EIB,2006-01-01,2006-12-31,Success,2021-06-05 10:22:31.624344
28,TPB,2006-01-01,2006-12-31,Success,2021-06-05 10:22:31.896181
29,HVN,2006-01-01,2006-12-31,Success,2021-06-05 10:22:32.166365
30,LPB,2006-01-01,2006-12-31,Success,2021-06-05 10:22:32.425934
31,PDR,2006-01-01,2006-12-31,Success,2021-06-05 10:22:32.702452
32,MSB,2006-01-01,2006-12-31,Success,2021-06-05 10:22:32.977263
33,OCB,2006-01-01,2006-12-31,Success,2021-06-05 10:22:33.247736
34,SSI,2006-01-01,2006-12-31,Success,2021-06-05 10:22:33.531166
35,POW,2006-01-01,2006-12-31,Success,2021-06-05 10:22:33.819611
36,SHP,2006-01-01,2006-12-31,Success,2021-06-05 10:22:34.091530
37,KDH,2006-01-01,2006-12-31,Success,2021-06-05 10:22:34.368742
38,PNJ,2006-01-01,2006-12-31,Success,2021-06-05 10:22:34.648026
39,VCG,2006-01-01,2006-12-31,Success,2021-06-05 10:22:34.740279
40,HSG,2006-01-01,2006-12-31,Success,2021-06-05 10:22:34.801028
41,REE,2006-01-01,2006-12-31,Success,2021-06-05 10:22:35.140533
42,GEX,2006-01-01,2006-12-31,Success,2021-06-05 10:22:35.440366
43,KBC,2006-01-01,2006-12-31,Success,2021-06-05 10:22:35.760594
44,DXG,2006-01-01,2006-12-31,Success,2021-06-05 10:22:36.020668
45,KDC,2006-01-01,2006-12-31,Success,2021-06-05 10:22:36.350493
46,BHN,2006-01-01,2006-12-31,Success,2021-06-05 10:22:36.739254
47,VCI,2006-01-01,2006-12-31,Success,2021-06-05 10:22:37.020864
48,VGC,2006-01-01,2006-12-31,Success,2021-06-05 10:22:37.290969
49,HCM,2006-01-01,2006-12-31,Success,2021-06-05 10:22:37.560911
0,VIC,2007-01-01,2007-12-31,Success,2021-06-05 10:22:37.935338
1,VCB,2007-01-01,2007-12-31,Success,2021-06-05 10:22:38.245443
2,VHM,2007-01-01,2007-12-31,Success,2021-06-05 10:22:38.538851
3,BID,2007-01-01,2007-12-31,Success,2021-06-05 10:22:38.836246
4,CTG,2007-01-01,2007-12-31,Success,2021-06-05 10:22:38.902313
5,TCB,2007-01-01,2007-12-31,Success,2021-06-05 10:22:39.210846
6,VNM,2007-01-01,2007-12-31,Success,2021-06-05 10:22:39.520739
7,HPG,2007-01-01,2007-12-31,Success,2021-06-05 10:22:39.820621
8,VPB,2007-01-01,2007-12-31,Success,2021-06-05 10:22:40.100378
9,GAS,2007-01-01,2007-12-31,Success,2021-06-05 10:22:40.210626
10,NVL,2007-01-01,2007-12-31,Success,2021-06-05 10:22:40.484159
11,MSN,2007-01-01,2007-12-31,Success,2021-06-05 10:22:40.590584
12,ACB,2007-01-01,2007-12-31,Success,2021-06-05 10:22:40.950764
13,MBB,2007-01-01,2007-12-31,Success,2021-06-05 10:22:41.253762
14,GVR,2007-01-01,2007-12-31,Success,2021-06-05 10:22:41.621812
15,SAB,2007-01-01,2007-12-31,Success,2021-06-05 10:22:41.890918
16,MWG,2007-01-01,2007-12-31,Success,2021-06-05 10:22:42.150683
17,VIB,2007-01-01,2007-12-31,Success,2021-06-05 10:22:42.431194
18,PLX,2007-01-01,2007-12-31,Success,2021-06-05 10:22:42.710748
19,VRE,2007-01-01,2007-12-31,Success,2021-06-05 10:22:42.975482
20,FPT,2007-01-01,2007-12-31,Success,2021-06-05 10:22:43.291419
21,STB,2007-01-01,2007-12-31,Success,2021-06-05 10:22:43.620200
22,VJC,2007-01-01,2007-12-31,Success,2021-06-05 10:22:43.880447
23,BCM,2007-01-01,2007-12-31,Success,2021-06-05 10:22:44.150199
24,SSB,2007-01-01,2007-12-31,Success,2021-06-05 10:22:44.230585
25,HDB,2007-01-01,2007-12-31,Success,2021-06-05 10:22:44.310678
26,BVH,2007-01-01,2007-12-31,Success,2021-06-05 10:22:44.395644
27,EIB,2007-01-01,2007-12-31,Success,2021-06-05 10:22:44.650965
28,TPB,2007-01-01,2007-12-31,Success,2021-06-05 10:22:45.148839
29,HVN,2007-01-01,2007-12-31,Success,2021-06-05 10:22:45.440463
30,LPB,2007-01-01,2007-12-31,Success,2021-06-05 10:22:45.710299
31,PDR,2007-01-01,2007-12-31,Success,2021-06-05 10:22:46.020814
32,MSB,2007-01-01,2007-12-31,Success,2021-06-05 10:22:46.280526
33,OCB,2007-01-01,2007-12-31,Success,2021-06-05 10:22:46.510672
34,SSI,2007-01-01,2007-12-31,Success,2021-06-05 10:22:46.811414
35,POW,2007-01-01,2007-12-31,Success,2021-06-05 10:22:47.070596
36,SHP,2007-01-01,2007-12-31,Success,2021-06-05 10:22:47.353088
37,KDH,2007-01-01,2007-12-31,Success,2021-06-05 10:22:47.612530
38,PNJ,2007-01-01,2007-12-31,Success,2021-06-05 10:22:47.885336
39,VCG,2007-01-01,2007-12-31,Success,2021-06-05 10:22:48.162262
40,HSG,2007-01-01,2007-12-31,Success,2021-06-05 10:22:48.440857
41,REE,2007-01-01,2007-12-31,Success,2021-06-05 10:22:48.770638
42,GEX,2007-01-01,2007-12-31,Success,2021-06-05 10:22:49.040645
43,KBC,2007-01-01,2007-12-31,Success,2021-06-05 10:22:49.102276
44,DXG,2007-01-01,2007-12-31,Success,2021-06-05 10:22:49.360663
45,KDC,2007-01-01,2007-12-31,Success,2021-06-05 10:22:49.450991
46,BHN,2007-01-01,2007-12-31,Success,2021-06-05 10:22:49.720736
47,VCI,2007-01-01,2007-12-31,Success,2021-06-05 10:22:50.000663
48,VGC,2007-01-01,2007-12-31,Success,2021-06-05 10:22:50.080594
49,HCM,2007-01-01,2007-12-31,Success,2021-06-05 10:22:50.350773
0,VIC,2008-01-01,2008-12-31,Success,2021-06-05 10:22:50.770573
1,VCB,2008-01-01,2008-12-31,Success,2021-06-05 10:22:51.060434
2,VHM,2008-01-01,2008-12-31,Success,2021-06-05 10:22:51.453862
3,BID,2008-01-01,2008-12-31,Success,2021-06-05 10:22:51.855307
4,CTG,2008-01-01,2008-12-31,Success,2021-06-05 10:22:52.200320
5,TCB,2008-01-01,2008-12-31,Success,2021-06-05 10:22:52.542293
6,VNM,2008-01-01,2008-12-31,Success,2021-06-05 10:22:52.902340
7,HPG,2008-01-01,2008-12-31,Success,2021-06-05 10:22:53.105860
8,VPB,2008-01-01,2008-12-31,Success,2021-06-05 10:22:53.372696
9,GAS,2008-01-01,2008-12-31,Success,2021-06-05 10:22:53.634507
10,NVL,2008-01-01,2008-12-31,Success,2021-06-05 10:22:53.906666
11,MSN,2008-01-01,2008-12-31,Success,2021-06-05 10:22:54.160567
12,ACB,2008-01-01,2008-12-31,Success,2021-06-05 10:22:54.499854
13,MBB,2008-01-01,2008-12-31,Success,2021-06-05 10:22:54.780277
14,GVR,2008-01-01,2008-12-31,Success,2021-06-05 10:22:55.063864
15,SAB,2008-01-01,2008-12-31,Success,2021-06-05 10:22:55.385530
16,MWG,2008-01-01,2008-12-31,Success,2021-06-05 10:22:55.701155
17,VIB,2008-01-01,2008-12-31,Success,2021-06-05 10:22:55.777254
18,PLX,2008-01-01,2008-12-31,Success,2021-06-05 10:22:56.094615
19,VRE,2008-01-01,2008-12-31,Success,2021-06-05 10:22:56.380139
20,FPT,2008-01-01,2008-12-31,Success,2021-06-05 10:22:56.969665
21,STB,2008-01-01,2008-12-31,Success,2021-06-05 10:22:57.291355
22,VJC,2008-01-01,2008-12-31,Success,2021-06-05 10:22:57.560186
23,BCM,2008-01-01,2008-12-31,Success,2021-06-05 10:22:57.862310
24,SSB,2008-01-01,2008-12-31,Success,2021-06-05 10:22:58.196035
25,HDB,2008-01-01,2008-12-31,Success,2021-06-05 10:22:58.463632
26,BVH,2008-01-01,2008-12-31,Success,2021-06-05 10:22:58.531453
27,EIB,2008-01-01,2008-12-31,Success,2021-06-05 10:22:58.791918
28,TPB,2008-01-01,2008-12-31,Success,2021-06-05 10:22:59.076074
29,HVN,2008-01-01,2008-12-31,Success,2021-06-05 10:22:59.353215
30,LPB,2008-01-01,2008-12-31,Success,2021-06-05 10:22:59.643440
31,PDR,2008-01-01,2008-12-31,Success,2021-06-05 10:22:59.924461
32,MSB,2008-01-01,2008-12-31,Success,2021-06-05 10:23:00.218290
33,OCB,2008-01-01,2008-12-31,Success,2021-06-05 10:23:00.500390
34,SSI,2008-01-01,2008-12-31,Success,2021-06-05 10:23:00.820410
35,POW,2008-01-01,2008-12-31,Success,2021-06-05 10:23:01.140515
36,SHP,2008-01-01,2008-12-31,Success,2021-06-05 10:23:01.576261
37,KDH,2008-01-01,2008-12-31,Success,2021-06-05 10:23:02.068127
38,PNJ,2008-01-01,2008-12-31,Success,2021-06-05 10:23:02.341273
39,VCG,2008-01-01,2008-12-31,Success,2021-06-05 10:23:02.652851
40,HSG,2008-01-01,2008-12-31,Success,2021-06-05 10:23:02.930438
41,REE,2008-01-01,2008-12-31,Success,2021-06-05 10:23:03.282832
42,GEX,2008-01-01,2008-12-31,Success,2021-06-05 10:23:03.409601
43,KBC,2008-01-01,2008-12-31,Success,2021-06-05 10:23:03.722085
44,DXG,2008-01-01,2008-12-31,Success,2021-06-05 10:23:04.112895
45,KDC,2008-01-01,2008-12-31,Success,2021-06-05 10:23:04.439042
46,BHN,2008-01-01,2008-12-31,Success,2021-06-05 10:23:04.738901
47,VCI,2008-01-01,2008-12-31,Success,2021-06-05 10:23:04.834496
48,VGC,2008-01-01,2008-12-31,Success,2021-06-05 10:23:05.105328
49,HCM,2008-01-01,2008-12-31,Success,2021-06-05 10:23:05.404584
0,VIC,2009-01-01,2009-12-31,Success,2021-06-05 10:23:05.779369
1,VCB,2009-01-01,2009-12-31,Success,2021-06-05 10:23:05.998203
2,VHM,2009-01-01,2009-12-31,Success,2021-06-05 10:23:06.367482
3,BID,2009-01-01,2009-12-31,Success,2021-06-05 10:23:06.773190
4,CTG,2009-01-01,2009-12-31,Success,2021-06-05 10:23:07.050390
5,TCB,2009-01-01,2009-12-31,Success,2021-06-05 10:23:07.353899
6,VNM,2009-01-01,2009-12-31,Success,2021-06-05 10:23:07.745678
7,HPG,2009-01-01,2009-12-31,Success,2021-06-05 10:23:08.043486
8,VPB,2009-01-01,2009-12-31,Success,2021-06-05 10:23:08.311898
9,GAS,2009-01-01,2009-12-31,Success,2021-06-05 10:23:08.632065
10,NVL,2009-01-01,2009-12-31,Success,2021-06-05 10:23:08.957263
11,MSN,2009-01-01,2009-12-31,Success,2021-06-05 10:23:09.256665
12,ACB,2009-01-01,2009-12-31,Success,2021-06-05 10:23:09.595800
13,MBB,2009-01-01,2009-12-31,Success,2021-06-05 10:23:09.909881
14,GVR,2009-01-01,2009-12-31,Success,2021-06-05 10:23:10.069311
15,SAB,2009-01-01,2009-12-31,Success,2021-06-05 10:23:10.363979
16,MWG,2009-01-01,2009-12-31,Success,2021-06-05 10:23:10.638757
17,VIB,2009-01-01,2009-12-31,Success,2021-06-05 10:23:10.956096
18,PLX,2009-01-01,2009-12-31,Success,2021-06-05 10:23:11.250489
19,VRE,2009-01-01,2009-12-31,Success,2021-06-05 10:23:11.604443
20,FPT,2009-01-01,2009-12-31,Success,2021-06-05 10:23:11.934084
21,STB,2009-01-01,2009-12-31,Success,2021-06-05 10:23:12.257676
22,VJC,2009-01-01,2009-12-31,Success,2021-06-05 10:23:12.541415
23,BCM,2009-01-01,2009-12-31,Success,2021-06-05 10:23:12.930093
24,SSB,2009-01-01,2009-12-31,Success,2021-06-05 10:23:13.185637
25,HDB,2009-01-01,2009-12-31,Success,2021-06-05 10:23:13.492604
26,BVH,2009-01-01,2009-12-31,Success,2021-06-05 10:23:13.773296
27,EIB,2009-01-01,2009-12-31,Success,2021-06-05 10:23:14.041817
28,TPB,2009-01-01,2009-12-31,Success,2021-06-05 10:23:14.350271
29,HVN,2009-01-01,2009-12-31,Success,2021-06-05 10:23:14.607948
30,LPB,2009-01-01,2009-12-31,Success,2021-06-05 10:23:14.890974
31,PDR,2009-01-01,2009-12-31,Success,2021-06-05 10:23:15.180460
32,MSB,2009-01-01,2009-12-31,Success,2021-06-05 10:23:15.452309
33,OCB,2009-01-01,2009-12-31,Success,2021-06-05 10:23:15.710661
34,SSI,2009-01-01,2009-12-31,Success,2021-06-05 10:23:16.020209
35,POW,2009-01-01,2009-12-31,Success,2021-06-05 10:23:16.288429
36,SHP,2009-01-01,2009-12-31,Success,2021-06-05 10:23:16.513565
37,KDH,2009-01-01,2009-12-31,Success,2021-06-05 10:23:16.790334
38,PNJ,2009-01-01,2009-12-31,Success,2021-06-05 10:23:17.159724
39,VCG,2009-01-01,2009-12-31,Success,2021-06-05 10:23:17.461040
40,HSG,2009-01-01,2009-12-31,Success,2021-06-05 10:23:17.770121
41,REE,2009-01-01,2009-12-31,Success,2021-06-05 10:23:18.063987
42,GEX,2009-01-01,2009-12-31,Success,2021-06-05 10:23:18.125516
43,KBC,2009-01-01,2009-12-31,Success,2021-06-05 10:23:18.430965
44,DXG,2009-01-01,2009-12-31,Success,2021-06-05 10:23:18.704244
45,KDC,2009-01-01,2009-12-31,Success,2021-06-05 10:23:19.003060
46,BHN,2009-01-01,2009-12-31,Success,2021-06-05 10:23:19.266441
47,VCI,2009-01-01,2009-12-31,Success,2021-06-05 10:23:19.530353
48,VGC,2009-01-01,2009-12-31,Success,2021-06-05 10:23:19.796441
49,HCM,2009-01-01,2009-12-31,Success,2021-06-05 10:23:20.085726
0,VIC,2010-01-01,2010-12-31,Success,2021-06-05 10:23:20.544449
1,VCB,2010-01-01,2010-12-31,Success,2021-06-05 10:23:20.740499
2,VHM,2010-01-01,2010-12-31,Success,2021-06-05 10:23:20.801481
3,BID,2010-01-01,2010-12-31,Success,2021-06-05 10:23:20.956238
4,CTG,2010-01-01,2010-12-31,Success,2021-06-05 10:23:21.033236
5,TCB,2010-01-01,2010-12-31,Success,2021-06-05 10:23:21.346102
6,VNM,2010-01-01,2010-12-31,Success,2021-06-05 10:23:21.743949
7,HPG,2010-01-01,2010-12-31,Success,2021-06-05 10:23:22.050826
8,VPB,2010-01-01,2010-12-31,Success,2021-06-05 10:23:22.102715
9,GAS,2010-01-01,2010-12-31,Success,2021-06-05 10:23:22.375362
10,NVL,2010-01-01,2010-12-31,Success,2021-06-05 10:23:22.632840
11,MSN,2010-01-01,2010-12-31,Success,2021-06-05 10:23:22.937900
12,ACB,2010-01-01,2010-12-31,Success,2021-06-05 10:23:23.130525
13,MBB,2010-01-01,2010-12-31,Success,2021-06-05 10:23:23.389438
14,GVR,2010-01-01,2010-12-31,Success,2021-06-05 10:23:23.433223
15,SAB,2010-01-01,2010-12-31,Success,2021-06-05 10:23:23.692950
16,MWG,2010-01-01,2010-12-31,Success,2021-06-05 10:23:23.948305
17,VIB,2010-01-01,2010-12-31,Success,2021-06-05 10:23:24.203079
18,PLX,2010-01-01,2010-12-31,Success,2021-06-05 10:23:24.461017
19,VRE,2010-01-01,2010-12-31,Success,2021-06-05 10:23:24.750898
20,FPT,2010-01-01,2010-12-31,Success,2021-06-05 10:23:25.100195
21,STB,2010-01-01,2010-12-31,Success,2021-06-05 10:23:25.373394
22,VJC,2010-01-01,2010-12-31,Success,2021-06-05 10:23:25.520003
23,BCM,2010-01-01,2010-12-31,Success,2021-06-05 10:23:25.585382
24,SSB,2010-01-01,2010-12-31,Success,2021-06-05 10:23:25.867177
25,HDB,2010-01-01,2010-12-31,Success,2021-06-05 10:23:26.159863
26,BVH,2010-01-01,2010-12-31,Success,2021-06-05 10:23:26.531468
27,EIB,2010-01-01,2010-12-31,Success,2021-06-05 10:23:26.599288
28,TPB,2010-01-01,2010-12-31,Success,2021-06-05 10:23:26.654140
29,HVN,2010-01-01,2010-12-31,Success,2021-06-05 10:23:26.764566
30,LPB,2010-01-01,2010-12-31,Success,2021-06-05 10:23:26.986712
31,PDR,2010-01-01,2010-12-31,Success,2021-06-05 10:23:27.067495
32,MSB,2010-01-01,2010-12-31,Success,2021-06-05 10:23:27.121351
33,OCB,2010-01-01,2010-12-31,Success,2021-06-05 10:23:27.233987
34,SSI,2010-01-01,2010-12-31,Success,2021-06-05 10:23:27.537316
35,POW,2010-01-01,2010-12-31,Success,2021-06-05 10:23:27.590170
36,SHP,2010-01-01,2010-12-31,Success,2021-06-05 10:23:27.743206
37,KDH,2010-01-01,2010-12-31,Success,2021-06-05 10:23:27.822089
38,PNJ,2010-01-01,2010-12-31,Success,2021-06-05 10:23:27.918809
39,VCG,2010-01-01,2010-12-31,Success,2021-06-05 10:23:28.004617
40,HSG,2010-01-01,2010-12-31,Success,2021-06-05 10:23:28.071441
41,REE,2010-01-01,2010-12-31,Success,2021-06-05 10:23:28.349826
42,GEX,2010-01-01,2010-12-31,Success,2021-06-05 10:23:28.696039
43,KBC,2010-01-01,2010-12-31,Success,2021-06-05 10:23:28.881553
44,DXG,2010-01-01,2010-12-31,Success,2021-06-05 10:23:29.170034
45,KDC,2010-01-01,2010-12-31,Success,2021-06-05 10:23:29.457200
46,BHN,2010-01-01,2010-12-31,Success,2021-06-05 10:23:29.717502
47,VCI,2010-01-01,2010-12-31,Success,2021-06-05 10:23:29.879070
48,VGC,2010-01-01,2010-12-31,Success,2021-06-05 10:23:29.961862
49,HCM,2010-01-01,2010-12-31,Success,2021-06-05 10:23:30.213732
0,VIC,2021-01-01,2021-12-31,Success,2021-06-05 10:31:54.249668
1,VCB,2021-01-01,2021-12-31,Success,2021-06-05 10:31:54.599646
2,VHM,2021-01-01,2021-12-31,Success,2021-06-05 10:31:54.959884
3,BID,2021-01-01,2021-12-31,Success,2021-06-05 10:31:55.350969
4,CTG,2021-01-01,2021-12-31,Success,2021-06-05 10:31:55.679862
5,TCB,2021-01-01,2021-12-31,Success,2021-06-05 10:31:56.029481
6,VNM,2021-01-01,2021-12-31,Success,2021-06-05 10:31:56.370275
7,HPG,2021-01-01,2021-12-31,Success,2021-06-05 10:31:56.519758
8,VPB,2021-01-01,2021-12-31,Success,2021-06-05 10:31:56.879776
9,GAS,2021-01-01,2021-12-31,Success,2021-06-05 10:31:57.250089
10,NVL,2021-01-01,2021-12-31,Success,2021-06-05 10:31:57.591880
11,MSN,2021-01-01,2021-12-31,Success,2021-06-05 10:31:57.929387
12,ACB,2021-01-01,2021-12-31,Success,2021-06-05 10:31:58.259728
13,MBB,2021-01-01,2021-12-31,Success,2021-06-05 10:31:58.589859
14,GVR,2021-01-01,2021-12-31,Success,2021-06-05 10:31:58.909894
15,SAB,2021-01-01,2021-12-31,Success,2021-06-05 10:31:59.270261
16,MWG,2021-01-01,2021-12-31,Success,2021-06-05 10:31:59.689577
17,VIB,2021-01-01,2021-12-31,Success,2021-06-05 10:32:00.042696
18,PLX,2021-01-01,2021-12-31,Success,2021-06-05 10:32:00.259700
19,VRE,2021-01-01,2021-12-31,Success,2021-06-05 10:32:00.602170
20,FPT,2021-01-01,2021-12-31,Success,2021-06-05 10:32:00.935723
21,STB,2021-01-01,2021-12-31,Success,2021-06-05 10:32:01.217366
22,VJC,2021-01-01,2021-12-31,Success,2021-06-05 10:32:01.570074
23,BCM,2021-01-01,2021-12-31,Success,2021-06-05 10:32:01.947504
24,SSB,2021-01-01,2021-12-31,Success,2021-06-05 10:32:02.284382
25,HDB,2021-01-01,2021-12-31,Success,2021-06-05 10:32:03.000068
26,BVH,2021-01-01,2021-12-31,Success,2021-06-05 10:32:03.319972
27,EIB,2021-01-01,2021-12-31,Success,2021-06-05 10:32:03.786031
28,TPB,2021-01-01,2021-12-31,Success,2021-06-05 10:32:04.139730
29,HVN,2021-01-01,2021-12-31,Success,2021-06-05 10:32:04.469618
30,LPB,2021-01-01,2021-12-31,Success,2021-06-05 10:32:04.818584
31,PDR,2021-01-01,2021-12-31,Success,2021-06-05 10:32:05.154595
32,MSB,2021-01-01,2021-12-31,Success,2021-06-05 10:32:05.509959
33,OCB,2021-01-01,2021-12-31,Success,2021-06-05 10:32:05.649556
34,SSI,2021-01-01,2021-12-31,Success,2021-06-05 10:32:05.839862
35,POW,2021-01-01,2021-12-31,Success,2021-06-05 10:32:06.199983
36,SHP,2021-01-01,2021-12-31,Success,2021-06-05 10:32:06.519997
37,KDH,2021-01-01,2021-12-31,Success,2021-06-05 10:32:06.849621
38,PNJ,2021-01-01,2021-12-31,Success,2021-06-05 10:32:07.179717
39,VCG,2021-01-01,2021-12-31,Success,2021-06-05 10:32:07.519849
40,HSG,2021-01-01,2021-12-31,Success,2021-06-05 10:32:07.849702
41,REE,2021-01-01,2021-12-31,Success,2021-06-05 10:32:07.983692
42,GEX,2021-01-01,2021-12-31,Success,2021-06-05 10:32:08.100555
43,KBC,2021-01-01,2021-12-31,Success,2021-06-05 10:32:08.529577
44,DXG,2021-01-01,2021-12-31,Success,2021-06-05 10:32:08.854762
45,KDC,2021-01-01,2021-12-31,Success,2021-06-05 10:32:09.194381
46,BHN,2021-01-01,2021-12-31,Success,2021-06-05 10:32:09.499820
47,VCI,2021-01-01,2021-12-31,Success,2021-06-05 10:32:09.839751
48,VGC,2021-01-01,2021-12-31,Success,2021-06-05 10:32:10.189385
49,HCM,2021-01-01,2021-12-31,Success,2021-06-05 10:32:10.529817
0,VIC,2021-01-01,2021-12-31,Success,2021-06-27 07:40:02.524060
1,VCB,2021-01-01,2021-12-31,Success,2021-06-27 07:40:02.913469
2,VHM,2021-01-01,2021-12-31,Success,2021-06-27 07:40:03.273991
3,BID,2021-01-01,2021-12-31,Success,2021-06-27 07:40:03.631286
4,CTG,2021-01-01,2021-12-31,Success,2021-06-27 07:40:03.990988
5,TCB,2021-01-01,2021-12-31,Success,2021-06-27 07:40:04.350582
6,VNM,2021-01-01,2021-12-31,Success,2021-06-27 07:40:04.709001
7,HPG,2021-01-01,2021-12-31,Success,2021-06-27 07:40:05.158580
8,VPB,2021-01-01,2021-12-31,Success,2021-06-27 07:40:05.538927
9,GAS,2021-01-01,2021-12-31,Success,2021-06-27 07:40:05.895247
10,NVL,2021-01-01,2021-12-31,Success,2021-06-27 07:40:06.230805
11,MSN,2021-01-01,2021-12-31,Success,2021-06-27 07:40:06.583217
12,ACB,2021-01-01,2021-12-31,Success,2021-06-27 07:40:06.955633
13,MBB,2021-01-01,2021-12-31,Success,2021-06-27 07:40:07.261846
14,GVR,2021-01-01,2021-12-31,Success,2021-06-27 07:40:07.666732
15,SAB,2021-01-01,2021-12-31,Success,2021-06-27 07:40:08.014099
16,MWG,2021-01-01,2021-12-31,Success,2021-06-27 07:40:08.363582
17,VIB,2021-01-01,2021-12-31,Success,2021-06-27 07:40:08.706909
18,PLX,2021-01-01,2021-12-31,Success,2021-06-27 07:40:08.984141
19,VRE,2021-01-01,2021-12-31,Success,2021-06-27 07:40:09.144054
20,FPT,2021-01-01,2021-12-31,Success,2021-06-27 07:40:09.514094
21,STB,2021-01-01,2021-12-31,Success,2021-06-27 07:40:09.794069
22,VJC,2021-01-01,2021-12-31,Success,2021-06-27 07:40:09.937932
23,BCM,2021-01-01,2021-12-31,Success,2021-06-27 07:40:10.303623
24,SSB,2021-01-01,2021-12-31,Success,2021-06-27 07:40:10.564048
25,HDB,2021-01-01,2021-12-31,Success,2021-06-27 07:40:10.800399
26,BVH,2021-01-01,2021-12-31,Success,2021-06-27 07:40:11.161735
27,EIB,2021-01-01,2021-12-31,Success,2021-06-27 07:40:11.312606
28,TPB,2021-01-01,2021-12-31,Success,2021-06-27 07:40:11.623554
29,HVN,2021-01-01,2021-12-31,Success,2021-06-27 07:40:11.867035
30,LPB,2021-01-01,2021-12-31,Success,2021-06-27 07:40:12.238100
31,PDR,2021-01-01,2021-12-31,Success,2021-06-27 07:40:12.613613
32,MSB,2021-01-01,2021-12-31,Success,2021-06-27 07:40:13.083560
33,OCB,2021-01-01,2021-12-31,Success,2021-06-27 07:40:13.454108
34,SSI,2021-01-01,2021-12-31,Success,2021-06-27 07:40:13.828629
35,POW,2021-01-01,2021-12-31,Success,2021-06-27 07:40:14.173020
36,SHP,2021-01-01,2021-12-31,Success,2021-06-27 07:40:14.384062
37,KDH,2021-01-01,2021-12-31,Success,2021-06-27 07:40:14.584061
38,PNJ,2021-01-01,2021-12-31,Success,2021-06-27 07:40:15.079136
39,VCG,2021-01-01,2021-12-31,Success,2021-06-27 07:40:15.433847
40,HSG,2021-01-01,2021-12-31,Success,2021-06-27 07:40:15.913665
41,REE,2021-01-01,2021-12-31,Success,2021-06-27 07:40:16.316772
42,GEX,2021-01-01,2021-12-31,Success,2021-06-27 07:40:16.732376
43,KBC,2021-01-01,2021-12-31,Success,2021-06-27 07:40:17.009755
44,DXG,2021-01-01,2021-12-31,Success,2021-06-27 07:40:17.324044
45,KDC,2021-01-01,2021-12-31,Success,2021-06-27 07:40:17.700019
46,BHN,2021-01-01,2021-12-31,Success,2021-06-27 07:40:18.045147
47,VCI,2021-01-01,2021-12-31,Success,2021-06-27 07:40:18.385067
48,VGC,2021-01-01,2021-12-31,Success,2021-06-27 07:40:18.751153
49,HCM,2021-01-01,2021-12-31,Success,2021-06-27 07:40:19.004627
0,VIC,2021-01-01,2021-12-31,Success,2021-07-03 08:12:24.378762
1,VCB,2021-01-01,2021-12-31,Success,2021-07-03 08:12:24.775315
2,VHM,2021-01-01,2021-12-31,Success,2021-07-03 08:12:25.164527
3,BID,2021-01-01,2021-12-31,Success,2021-07-03 08:12:25.549977
4,CTG,2021-01-01,2021-12-31,Success,2021-07-03 08:12:25.932110
5,TCB,2021-01-01,2021-12-31,Success,2021-07-03 08:12:26.115988
6,VNM,2021-01-01,2021-12-31,Success,2021-07-03 08:12:26.314335
7,HPG,2021-01-01,2021-12-31,Success,2021-07-03 08:12:26.528389
8,VPB,2021-01-01,2021-12-31,Success,2021-07-03 08:12:26.876067
9,GAS,2021-01-01,2021-12-31,Success,2021-07-03 08:12:27.276889
10,NVL,2021-01-01,2021-12-31,Success,2021-07-03 08:12:27.615761
11,MSN,2021-01-01,2021-12-31,Success,2021-07-03 08:12:28.002938
12,ACB,2021-01-01,2021-12-31,Success,2021-07-03 08:12:28.380406
13,MBB,2021-01-01,2021-12-31,Success,2021-07-03 08:12:28.860474
14,GVR,2021-01-01,2021-12-31,Success,2021-07-03 08:12:29.262853
15,SAB,2021-01-01,2021-12-31,Success,2021-07-03 08:12:29.664065
16,MWG,2021-01-01,2021-12-31,Success,2021-07-03 08:12:30.073000
17,VIB,2021-01-01,2021-12-31,Success,2021-07-03 08:12:30.453777
18,PLX,2021-01-01,2021-12-31,Success,2021-07-03 08:12:30.844310
19,VRE,2021-01-01,2021-12-31,Success,2021-07-03 08:12:31.027471
20,FPT,2021-01-01,2021-12-31,Success,2021-07-03 08:12:31.256477
21,STB,2021-01-01,2021-12-31,Success,2021-07-03 08:12:31.641797
22,VJC,2021-01-01,2021-12-31,Success,2021-07-03 08:12:31.973656
23,BCM,2021-01-01,2021-12-31,Success,2021-07-03 08:12:32.356669
24,SSB,2021-01-01,2021-12-31,Success,2021-07-03 08:12:32.543480
25,HDB,2021-01-01,2021-12-31,Success,2021-07-03 08:12:32.927561
26,BVH,2021-01-01,2021-12-31,Success,2021-07-03 08:12:33.270740
27,EIB,2021-01-01,2021-12-31,Success,2021-07-03 08:12:33.847010
28,TPB,2021-01-01,2021-12-31,Success,2021-07-03 08:12:34.233079
29,HVN,2021-01-01,2021-12-31,Success,2021-07-03 08:12:34.651874
30,LPB,2021-01-01,2021-12-31,Success,2021-07-03 08:12:35.027772
31,PDR,2021-01-01,2021-12-31,Success,2021-07-03 08:12:35.477504
32,MSB,2021-01-01,2021-12-31,Success,2021-07-03 08:12:35.862451
33,OCB,2021-01-01,2021-12-31,Success,2021-07-03 08:12:36.238923
34,SSI,2021-01-01,2021-12-31,Success,2021-07-03 08:12:36.645536
35,POW,2021-01-01,2021-12-31,Success,2021-07-03 08:12:37.031457
36,SHP,2021-01-01,2021-12-31,Success,2021-07-03 08:12:37.217591
37,KDH,2021-01-01,2021-12-31,Success,2021-07-03 08:12:37.658454
38,PNJ,2021-01-01,2021-12-31,Success,2021-07-03 08:12:38.036923
39,VCG,2021-01-01,2021-12-31,Success,2021-07-03 08:12:38.430917
40,HSG,2021-01-01,2021-12-31,Success,2021-07-03 08:12:38.889890
41,REE,2021-01-01,2021-12-31,Success,2021-07-03 08:12:39.272122
42,GEX,2021-01-01,2021-12-31,Success,2021-07-03 08:12:39.653869
43,KBC,2021-01-01,2021-12-31,Success,2021-07-03 08:12:40.033030
44,DXG,2021-01-01,2021-12-31,Success,2021-07-03 08:12:40.396111
45,KDC,2021-01-01,2021-12-31,Success,2021-07-03 08:12:40.793829
46,BHN,2021-01-01,2021-12-31,Success,2021-07-03 08:12:41.172223
47,VCI,2021-01-01,2021-12-31,Success,2021-07-03 08:12:41.557121
48,VGC,2021-01-01,2021-12-31,Success,2021-07-03 08:12:41.952340
49,HCM,2021-01-01,2021-12-31,Success,2021-07-03 08:12:42.361067
0,VIC,2021-01-01,2021-12-31,Success,2021-07-03 08:44:38.401297
1,VCB,2021-01-01,2021-12-31,Success,2021-07-03 08:44:38.831770
2,VHM,2021-01-01,2021-12-31,Success,2021-07-03 08:44:39.237422
3,BID,2021-01-01,2021-12-31,Success,2021-07-03 08:44:39.677850
4,CTG,2021-01-01,2021-12-31,Success,2021-07-03 08:44:40.040977
5,TCB,2021-01-01,2021-12-31,Success,2021-07-03 08:44:40.406157
6,VNM,2021-01-01,2021-12-31,Success,2021-07-03 08:44:40.626830
7,HPG,2021-01-01,2021-12-31,Success,2021-07-03 08:44:40.856444
8,VPB,2021-01-01,2021-12-31,Success,2021-07-03 08:44:41.220945
9,GAS,2021-01-01,2021-12-31,Success,2021-07-03 08:44:41.569720
10,NVL,2021-01-01,2021-12-31,Success,2021-07-03 08:44:41.951442
11,MSN,2021-01-01,2021-12-31,Success,2021-07-03 08:44:42.353428
12,ACB,2021-01-01,2021-12-31,Success,2021-07-03 08:44:42.739885
13,MBB,2021-01-01,2021-12-31,Success,2021-07-03 08:44:43.112251
14,GVR,2021-01-01,2021-12-31,Success,2021-07-03 08:44:43.486593
15,SAB,2021-01-01,2021-12-31,Success,2021-07-03 08:44:43.856703
16,MWG,2021-01-01,2021-12-31,Success,2021-07-03 08:44:44.266500
17,VIB,2021-01-01,2021-12-31,Success,2021-07-03 08:44:44.646411
18,PLX,2021-01-01,2021-12-31,Success,2021-07-03 08:44:45.049703
19,VRE,2021-01-01,2021-12-31,Success,2021-07-03 08:44:45.422624
20,FPT,2021-01-01,2021-12-31,Success,2021-07-03 08:44:45.804097
21,STB,2021-01-01,2021-12-31,Success,2021-07-03 08:44:46.255175
22,VJC,2021-01-01,2021-12-31,Success,2021-07-03 08:44:46.669015
23,BCM,2021-01-01,2021-12-31,Success,2021-07-03 08:44:47.042790
24,SSB,2021-01-01,2021-12-31,Success,2021-07-03 08:44:47.206565
25,HDB,2021-01-01,2021-12-31,Success,2021-07-03 08:44:47.533813
26,BVH,2021-01-01,2021-12-31,Success,2021-07-03 08:44:47.931712
27,EIB,2021-01-01,2021-12-31,Success,2021-07-03 08:44:48.325326
28,TPB,2021-01-01,2021-12-31,Success,2021-07-03 08:44:48.737069
29,HVN,2021-01-01,2021-12-31,Success,2021-07-03 08:44:49.209749
30,LPB,2021-01-01,2021-12-31,Success,2021-07-03 08:44:49.631416
31,PDR,2021-01-01,2021-12-31,Success,2021-07-03 08:44:50.048804
32,MSB,2021-01-01,2021-12-31,Success,2021-07-03 08:44:50.420778
33,OCB,2021-01-01,2021-12-31,Success,2021-07-03 08:44:50.788868
34,SSI,2021-01-01,2021-12-31,Success,2021-07-03 08:44:51.211332
35,POW,2021-01-01,2021-12-31,Success,2021-07-03 08:44:51.596454
36,SHP,2021-01-01,2021-12-31,Success,2021-07-03 08:44:51.986542
37,KDH,2021-01-01,2021-12-31,Success,2021-07-03 08:44:52.354939
38,PNJ,2021-01-01,2021-12-31,Success,2021-07-03 08:44:52.766813
39,VCG,2021-01-01,2021-12-31,Success,2021-07-03 08:44:53.200995
40,HSG,2021-01-01,2021-12-31,Success,2021-07-03 08:44:53.599142
41,REE,2021-01-01,2021-12-31,Success,2021-07-03 08:44:54.069717
42,GEX,2021-01-01,2021-12-31,Success,2021-07-03 08:44:54.311497
43,KBC,2021-01-01,2021-12-31,Success,2021-07-03 08:44:54.723815
44,DXG,2021-01-01,2021-12-31,Success,2021-07-03 08:44:55.039488
45,KDC,2021-01-01,2021-12-31,Success,2021-07-03 08:44:55.399882
46,BHN,2021-01-01,2021-12-31,Success,2021-07-03 08:44:55.805754
47,VCI,2021-01-01,2021-12-31,Success,2021-07-03 08:44:56.239061
48,VGC,2021-01-01,2021-12-31,Success,2021-07-03 08:44:56.624327
49,HCM,2021-01-01,2021-12-31,Success,2021-07-03 08:44:57.061922
0,VIC,2021-01-01,2021-12-31,Success,2021-07-21 02:17:40.991911
1,VCB,2021-01-01,2021-12-31,Success,2021-07-21 02:17:41.445678
2,VHM,2021-01-01,2021-12-31,Success,2021-07-21 02:17:41.950941
3,BID,2021-01-01,2021-12-31,Success,2021-07-21 02:17:42.371620
4,CTG,2021-01-01,2021-12-31,Success,2021-07-21 02:17:42.797266
5,TCB,2021-01-01,2021-12-31,Success,2021-07-21 02:17:43.004019
6,VNM,2021-01-01,2021-12-31,Success,2021-07-21 02:17:43.452940
7,HPG,2021-01-01,2021-12-31,Success,2021-07-21 02:17:43.862194
8,VPB,2021-01-01,2021-12-31,Success,2021-07-21 02:17:44.084372
9,GAS,2021-01-01,2021-12-31,Success,2021-07-21 02:17:44.506892
10,NVL,2021-01-01,2021-12-31,Success,2021-07-21 02:17:44.916048
11,MSN,2021-01-01,2021-12-31,Success,2021-07-21 02:17:45.372416
12,ACB,2021-01-01,2021-12-31,Success,2021-07-21 02:17:45.796648
13,MBB,2021-01-01,2021-12-31,Success,2021-07-21 02:17:46.251304
14,GVR,2021-01-01,2021-12-31,Success,2021-07-21 02:17:46.671775
15,SAB,2021-01-01,2021-12-31,Success,2021-07-21 02:17:47.076606
16,MWG,2021-01-01,2021-12-31,Success,2021-07-21 02:17:47.492612
17,VIB,2021-01-01,2021-12-31,Success,2021-07-21 02:17:47.895616
18,PLX,2021-01-01,2021-12-31,Success,2021-07-21 02:17:48.330360
19,VRE,2021-01-01,2021-12-31,Success,2021-07-21 02:17:48.797319
20,FPT,2021-01-01,2021-12-31,Success,2021-07-21 02:17:49.208563
21,STB,2021-01-01,2021-12-31,Success,2021-07-21 02:17:49.732168
22,VJC,2021-01-01,2021-12-31,Success,2021-07-21 02:17:50.028446
23,BCM,2021-01-01,2021-12-31,Success,2021-07-21 02:17:50.577838
24,SSB,2021-01-01,2021-12-31,Success,2021-07-21 02:17:51.054335
25,HDB,2021-01-01,2021-12-31,Success,2021-07-21 02:17:51.539076
26,BVH,2021-01-01,2021-12-31,Success,2021-07-21 02:17:51.965276
27,EIB,2021-01-01,2021-12-31,Success,2021-07-21 02:17:52.450699
28,TPB,2021-01-01,2021-12-31,Success,2021-07-21 02:17:52.654795
29,HVN,2021-01-01,2021-12-31,Success,2021-07-21 02:17:53.099273
30,LPB,2021-01-01,2021-12-31,Success,2021-07-21 02:17:53.424153
31,PDR,2021-01-01,2021-12-31,Success,2021-07-21 02:17:53.777722
32,MSB,2021-01-01,2021-12-31,Success,2021-07-21 02:17:54.409951
33,OCB,2021-01-01,2021-12-31,Success,2021-07-21 02:17:54.826848
34,SSI,2021-01-01,2021-12-31,Success,2021-07-21 02:17:55.351368
35,POW,2021-01-01,2021-12-31,Success,2021-07-21 02:17:55.887102
36,SHP,2021-01-01,2021-12-31,Success,2021-07-21 02:17:56.320247
37,KDH,2021-01-01,2021-12-31,Success,2021-07-21 02:17:56.738294
38,PNJ,2021-01-01,2021-12-31,Success,2021-07-21 02:17:57.221001
39,VCG,2021-01-01,2021-12-31,Success,2021-07-21 02:17:57.659978
40,HSG,2021-01-01,2021-12-31,Success,2021-07-21 02:17:58.045771
41,REE,2021-01-01,2021-12-31,Success,2021-07-21 02:17:58.506605
42,GEX,2021-01-01,2021-12-31,Success,2021-07-21 02:17:58.919688
43,KBC,2021-01-01,2021-12-31,Success,2021-07-21 02:17:59.357072
44,DXG,2021-01-01,2021-12-31,Success,2021-07-21 02:17:59.821949
45,KDC,2021-01-01,2021-12-31,Success,2021-07-21 02:18:00.253585
46,BHN,2021-01-01,2021-12-31,Success,2021-07-21 02:18:00.674145
47,VCI,2021-01-01,2021-12-31,Success,2021-07-21 02:18:01.106051
48,VGC,2021-01-01,2021-12-31,Success,2021-07-21 02:18:01.533974
49,HCM,2021-01-01,2021-12-31,Success,2021-07-21 02:18:01.952822
